{"meta":{"image":"levels.png"},"frames":{"menu/levels/background.png":{"frame":{"x":0,"y":0,"w":648,"h":648},"sourceSize":{"w":648,"h":648}},"menu/levels/buttons/normal/15.png":{"frame":{"x":650,"y":0,"w":71,"h":64},"sourceSize":{"w":71,"h":64}},"menu/levels/buttons/active/15.png":{"frame":{"x":723,"y":0,"w":71,"h":64},"sourceSize":{"w":71,"h":64}},"menu/levels/buttons/normal/10.png":{"frame":{"x":796,"y":0,"w":68,"h":62},"sourceSize":{"w":68,"h":62}},"menu/levels/buttons/active/10.png":{"frame":{"x":866,"y":0,"w":68,"h":62},"sourceSize":{"w":68,"h":62}},"menu/levels/buttons/disabled/15.png":{"frame":{"x":936,"y":0,"w":68,"h":61},"sourceSize":{"w":68,"h":61}},"menu/levels/buttons/normal/8.png":{"frame":{"x":650,"y":66,"w":67,"h":60},"sourceSize":{"w":67,"h":60}},"menu/levels/buttons/normal/1.png":{"frame":{"x":719,"y":66,"w":67,"h":60},"sourceSize":{"w":67,"h":60}},"menu/levels/buttons/disabled/8.png":{"frame":{"x":788,"y":66,"w":67,"h":60},"sourceSize":{"w":67,"h":60}},"menu/levels/buttons/disabled/5.png":{"frame":{"x":857,"y":66,"w":66,"h":60},"sourceSize":{"w":66,"h":60}},"menu/levels/buttons/disabled/3.png":{"frame":{"x":925,"y":66,"w":67,"h":60},"sourceSize":{"w":67,"h":60}},"menu/levels/buttons/disabled/2.png":{"frame":{"x":650,"y":128,"w":67,"h":60},"sourceSize":{"w":67,"h":60}},"menu/levels/buttons/disabled/10.png":{"frame":{"x":719,"y":128,"w":66,"h":60},"sourceSize":{"w":66,"h":60}},"menu/levels/buttons/disabled/1.png":{"frame":{"x":787,"y":128,"w":67,"h":60},"sourceSize":{"w":67,"h":60}},"menu/levels/buttons/active/8.png":{"frame":{"x":856,"y":128,"w":67,"h":60},"sourceSize":{"w":67,"h":60}},"menu/levels/buttons/active/1.png":{"frame":{"x":925,"y":128,"w":67,"h":60},"sourceSize":{"w":67,"h":60}},"menu/levels/buttons/normal/9.png":{"frame":{"x":650,"y":190,"w":66,"h":59},"sourceSize":{"w":66,"h":59}},"menu/levels/buttons/normal/7.png":{"frame":{"x":718,"y":190,"w":66,"h":59},"sourceSize":{"w":66,"h":59}},"menu/levels/buttons/normal/6.png":{"frame":{"x":786,"y":190,"w":66,"h":59},"sourceSize":{"w":66,"h":59}},"menu/levels/buttons/normal/5.png":{"frame":{"x":854,"y":190,"w":66,"h":59},"sourceSize":{"w":66,"h":59}},"menu/levels/buttons/normal/4.png":{"frame":{"x":922,"y":190,"w":66,"h":59},"sourceSize":{"w":66,"h":59}},"menu/levels/buttons/normal/3.png":{"frame":{"x":650,"y":251,"w":66,"h":59},"sourceSize":{"w":66,"h":59}},"menu/levels/buttons/normal/2.png":{"frame":{"x":718,"y":251,"w":66,"h":59},"sourceSize":{"w":66,"h":59}},"menu/levels/buttons/normal/14.png":{"frame":{"x":786,"y":251,"w":66,"h":59},"sourceSize":{"w":66,"h":59}},"menu/levels/buttons/normal/13.png":{"frame":{"x":854,"y":251,"w":66,"h":59},"sourceSize":{"w":66,"h":59}},"menu/levels/buttons/normal/12.png":{"frame":{"x":922,"y":251,"w":66,"h":59},"sourceSize":{"w":66,"h":59}},"menu/levels/buttons/normal/11.png":{"frame":{"x":650,"y":312,"w":66,"h":59},"sourceSize":{"w":66,"h":59}},"menu/levels/buttons/disabled/9.png":{"frame":{"x":718,"y":312,"w":67,"h":59},"sourceSize":{"w":67,"h":59}},"menu/levels/buttons/disabled/7.png":{"frame":{"x":787,"y":312,"w":67,"h":59},"sourceSize":{"w":67,"h":59}},"menu/levels/buttons/disabled/6.png":{"frame":{"x":856,"y":312,"w":67,"h":59},"sourceSize":{"w":67,"h":59}},"menu/levels/buttons/disabled/14.png":{"frame":{"x":925,"y":312,"w":67,"h":59},"sourceSize":{"w":67,"h":59}},"menu/levels/buttons/disabled/13.png":{"frame":{"x":650,"y":373,"w":67,"h":59},"sourceSize":{"w":67,"h":59}},"menu/levels/buttons/disabled/12.png":{"frame":{"x":719,"y":373,"w":67,"h":59},"sourceSize":{"w":67,"h":59}},"menu/levels/buttons/disabled/11.png":{"frame":{"x":788,"y":373,"w":67,"h":59},"sourceSize":{"w":67,"h":59}},"menu/levels/buttons/active/9.png":{"frame":{"x":857,"y":373,"w":66,"h":59},"sourceSize":{"w":66,"h":59}},"menu/levels/buttons/active/7.png":{"frame":{"x":925,"y":373,"w":66,"h":59},"sourceSize":{"w":66,"h":59}},"menu/levels/buttons/active/6.png":{"frame":{"x":650,"y":434,"w":66,"h":59},"sourceSize":{"w":66,"h":59}},"menu/levels/buttons/active/5.png":{"frame":{"x":718,"y":434,"w":66,"h":59},"sourceSize":{"w":66,"h":59}},"menu/levels/buttons/active/4.png":{"frame":{"x":786,"y":434,"w":66,"h":59},"sourceSize":{"w":66,"h":59}},"menu/levels/buttons/active/3.png":{"frame":{"x":854,"y":434,"w":66,"h":59},"sourceSize":{"w":66,"h":59}},"menu/levels/buttons/active/2.png":{"frame":{"x":922,"y":434,"w":66,"h":59},"sourceSize":{"w":66,"h":59}},"menu/levels/buttons/active/14.png":{"frame":{"x":650,"y":495,"w":66,"h":59},"sourceSize":{"w":66,"h":59}},"menu/levels/buttons/active/13.png":{"frame":{"x":718,"y":495,"w":66,"h":59},"sourceSize":{"w":66,"h":59}},"menu/levels/buttons/active/12.png":{"frame":{"x":786,"y":495,"w":66,"h":59},"sourceSize":{"w":66,"h":59}},"menu/levels/buttons/active/11.png":{"frame":{"x":854,"y":495,"w":66,"h":59},"sourceSize":{"w":66,"h":59}},"menu/levels/buttons/disabled/4.png":{"frame":{"x":922,"y":495,"w":67,"h":58},"sourceSize":{"w":67,"h":58}},"menu/levels/buttons/back_to_upgrades_normal.png":{"frame":{"x":650,"y":556,"w":271,"h":54},"sourceSize":{"w":271,"h":54}},"menu/levels/buttons/back_to_upgrades_hover.png":{"frame":{"x":0,"y":650,"w":271,"h":54},"sourceSize":{"w":271,"h":54}},"menu/levels/buttons/back_to_upgrades_down.png":{"frame":{"x":273,"y":650,"w":271,"h":54},"sourceSize":{"w":271,"h":54}}}}