{"meta":{"image":"loading.png"},"frames":{"menu/loading/tank.png":{"frame":{"x":0,"y":0,"w":400,"h":400},"sourceSize":{"w":400,"h":400}},"menu/loading/bar_empty.png":{"frame":{"x":402,"y":0,"w":106,"h":21},"sourceSize":{"w":106,"h":21}},"menu/loading/bar_ammo.png":{"frame":{"x":402,"y":23,"w":106,"h":21},"sourceSize":{"w":106,"h":21}},"menu/loading/buttons/play_normal.png":{"frame":{"x":0,"y":402,"w":132,"h":55},"sourceSize":{"w":132,"h":55}},"menu/loading/buttons/play_hover.png":{"frame":{"x":134,"y":402,"w":132,"h":55},"sourceSize":{"w":132,"h":55}},"menu/loading/buttons/play_down.png":{"frame":{"x":268,"y":402,"w":132,"h":55},"sourceSize":{"w":132,"h":55}},"menu/loading/bar_frame.png":{"frame":{"x":0,"y":459,"w":109,"h":21},"sourceSize":{"w":109,"h":21}}}}