{"frames":{"mine-2":{"frame":{"x":942,"y":1174,"w":10,"h":172},"rotated":false,"trimmed":false,"spriteSourceSize":{"x":0,"y":0,"w":10,"h":172},"sourceSize":{"w":10,"h":172}},"rock2":{"frame":{"x":1505,"y":1192,"w":213,"h":196},"rotated":false,"trimmed":false,"spriteSourceSize":{"x":0,"y":0,"w":213,"h":196},"sourceSize":{"w":213,"h":196}},"sand-part3":{"frame":{"x":1034,"y":721,"w":470,"h":170},"rotated":false,"trimmed":false,"spriteSourceSize":{"x":0,"y":0,"w":470,"h":170},"sourceSize":{"w":470,"h":170}},"shark_-2":{"frame":{"x":1124,"y":1062,"w":368,"h":128},"rotated":false,"trimmed":false,"spriteSourceSize":{"x":0,"y":0,"w":368,"h":128},"sourceSize":{"w":368,"h":128}},"shark-00":{"frame":{"x":1124,"y":1191,"w":368,"h":128},"rotated":false,"trimmed":false,"spriteSourceSize":{"x":0,"y":0,"w":368,"h":128},"sourceSize":{"w":368,"h":128}},"shark-0":{"frame":{"x":1124,"y":1320,"w":368,"h":128},"rotated":false,"trimmed":false,"spriteSourceSize":{"x":0,"y":0,"w":368,"h":128},"sourceSize":{"w":368,"h":128}},"shark-2":{"frame":{"x":0,"y":1499,"w":368,"h":128},"rotated":false,"trimmed":false,"spriteSourceSize":{"x":0,"y":0,"w":368,"h":128},"sourceSize":{"w":368,"h":128}},"shark-a1":{"frame":{"x":369,"y":1499,"w":368,"h":128},"rotated":false,"trimmed":false,"spriteSourceSize":{"x":0,"y":0,"w":368,"h":128},"sourceSize":{"w":368,"h":128}},"shark-a2":{"frame":{"x":738,"y":1499,"w":368,"h":128},"rotated":false,"trimmed":false,"spriteSourceSize":{"x":0,"y":0,"w":368,"h":128},"sourceSize":{"w":368,"h":128}},"shark-a3":{"frame":{"x":1107,"y":1499,"w":368,"h":128},"rotated":false,"trimmed":false,"spriteSourceSize":{"x":0,"y":0,"w":368,"h":128},"sourceSize":{"w":368,"h":128}},"shark-dead":{"frame":{"x":0,"y":1628,"w":368,"h":128},"rotated":false,"trimmed":false,"spriteSourceSize":{"x":0,"y":0,"w":368,"h":128},"sourceSize":{"w":368,"h":128}},"shark-Pp":{"frame":{"x":369,"y":1703,"w":36,"h":51},"rotated":false,"trimmed":false,"spriteSourceSize":{"x":0,"y":0,"w":36,"h":51},"sourceSize":{"w":36,"h":51}},"shark-Zp":{"frame":{"x":942,"y":1347,"w":39,"h":95},"rotated":false,"trimmed":false,"spriteSourceSize":{"x":0,"y":0,"w":39,"h":95},"sourceSize":{"w":39,"h":95}},"TORPEDO":{"frame":{"x":565,"y":1628,"w":191,"h":64},"rotated":false,"trimmed":false,"spriteSourceSize":{"x":0,"y":0,"w":191,"h":64},"sourceSize":{"w":191,"h":64}},"trava1":{"frame":{"x":1663,"y":900,"w":125,"h":174},"rotated":false,"trimmed":false,"spriteSourceSize":{"x":0,"y":0,"w":125,"h":174},"sourceSize":{"w":125,"h":174}},"trava2":{"frame":{"x":1719,"y":1192,"w":96,"h":189},"rotated":false,"trimmed":false,"spriteSourceSize":{"x":0,"y":0,"w":96,"h":189},"sourceSize":{"w":96,"h":189}},"bg1-part1":{"frame":{"x":563,"y":395,"w":470,"h":359},"rotated":false,"trimmed":false,"spriteSourceSize":{"x":0,"y":0,"w":470,"h":359},"sourceSize":{"w":470,"h":359}},"bg1-part2":{"frame":{"x":471,"y":818,"w":470,"h":340},"rotated":false,"trimmed":false,"spriteSourceSize":{"x":0,"y":0,"w":470,"h":340},"sourceSize":{"w":470,"h":340}},"bg1-part3":{"frame":{"x":0,"y":1174,"w":470,"h":324},"rotated":false,"trimmed":false,"spriteSourceSize":{"x":0,"y":0,"w":470,"h":324},"sourceSize":{"w":470,"h":324}},"bg2-part1":{"frame":{"x":563,"y":0,"w":470,"h":394},"rotated":false,"trimmed":false,"spriteSourceSize":{"x":0,"y":0,"w":470,"h":394},"sourceSize":{"w":470,"h":394}},"bg2-part2":{"frame":{"x":0,"y":818,"w":470,"h":355},"rotated":false,"trimmed":false,"spriteSourceSize":{"x":0,"y":0,"w":470,"h":355},"sourceSize":{"w":470,"h":355}},"bg2-part3":{"frame":{"x":0,"y":420,"w":470,"h":397},"rotated":false,"trimmed":false,"spriteSourceSize":{"x":0,"y":0,"w":470,"h":397},"sourceSize":{"w":470,"h":397}},"bg3-part1":{"frame":{"x":471,"y":1174,"w":470,"h":306},"rotated":false,"trimmed":false,"spriteSourceSize":{"x":0,"y":0,"w":470,"h":306},"sourceSize":{"w":470,"h":306}},"bg3-part2":{"frame":{"x":1034,"y":278,"w":470,"h":266},"rotated":false,"trimmed":false,"spriteSourceSize":{"x":0,"y":0,"w":470,"h":266},"sourceSize":{"w":470,"h":266}},"mine-2part":{"frame":{"x":406,"y":1703,"w":10,"h":39},"rotated":false,"trimmed":false,"spriteSourceSize":{"x":0,"y":0,"w":10,"h":39},"sourceSize":{"w":10,"h":39}},"rock3":{"frame":{"x":369,"y":1628,"w":195,"h":74},"rotated":false,"trimmed":false,"spriteSourceSize":{"x":0,"y":0,"w":195,"h":74},"sourceSize":{"w":195,"h":74}},"rock1":{"frame":{"x":1505,"y":1534,"w":194,"h":114},"rotated":false,"trimmed":false,"spriteSourceSize":{"x":0,"y":0,"w":194,"h":114},"sourceSize":{"w":194,"h":114}},"rock5":{"frame":{"x":1505,"y":585,"w":204,"h":314},"rotated":false,"trimmed":false,"spriteSourceSize":{"x":0,"y":0,"w":204,"h":314},"sourceSize":{"w":204,"h":314}},"rock4":{"frame":{"x":1505,"y":1649,"w":179,"h":102},"rotated":false,"trimmed":false,"spriteSourceSize":{"x":0,"y":0,"w":179,"h":102},"sourceSize":{"w":179,"h":102}},"rock6":{"frame":{"x":1505,"y":262,"w":201,"h":322},"rotated":false,"trimmed":false,"spriteSourceSize":{"x":0,"y":0,"w":201,"h":322},"sourceSize":{"w":201,"h":322}},"rock7":{"frame":{"x":1685,"y":1649,"w":110,"h":71},"rotated":false,"trimmed":false,"spriteSourceSize":{"x":0,"y":0,"w":110,"h":71},"sourceSize":{"w":110,"h":71}},"rock8":{"frame":{"x":1505,"y":1389,"w":209,"h":144},"rotated":false,"trimmed":false,"spriteSourceSize":{"x":0,"y":0,"w":209,"h":144},"sourceSize":{"w":209,"h":144}},"rock10-big":{"frame":{"x":0,"y":0,"w":562,"h":419},"rotated":false,"trimmed":false,"spriteSourceSize":{"x":0,"y":0,"w":562,"h":419},"sourceSize":{"w":562,"h":419}},"rock9":{"frame":{"x":1505,"y":0,"w":350,"h":261},"rotated":false,"trimmed":false,"spriteSourceSize":{"x":0,"y":0,"w":350,"h":261},"sourceSize":{"w":350,"h":261}},"sand-part1":{"frame":{"x":1034,"y":545,"w":470,"h":175},"rotated":false,"trimmed":false,"spriteSourceSize":{"x":0,"y":0,"w":470,"h":175},"sourceSize":{"w":470,"h":175}},"sand-part2":{"frame":{"x":1034,"y":892,"w":470,"h":169},"rotated":false,"trimmed":false,"spriteSourceSize":{"x":0,"y":0,"w":470,"h":169},"sourceSize":{"w":470,"h":169}},"bg3-part3":{"frame":{"x":1034,"y":0,"w":470,"h":277},"rotated":false,"trimmed":false,"spriteSourceSize":{"x":0,"y":0,"w":470,"h":277},"sourceSize":{"w":470,"h":277}},"grass1":{"frame":{"x":1505,"y":900,"w":157,"h":291},"rotated":false,"trimmed":false,"spriteSourceSize":{"x":0,"y":0,"w":157,"h":291},"sourceSize":{"w":157,"h":291}},"grass3":{"frame":{"x":1034,"y":1062,"w":89,"h":387},"rotated":false,"trimmed":false,"spriteSourceSize":{"x":0,"y":0,"w":89,"h":387},"sourceSize":{"w":89,"h":387}},"grass2":{"frame":{"x":471,"y":420,"w":89,"h":391},"rotated":false,"trimmed":false,"spriteSourceSize":{"x":0,"y":0,"w":89,"h":391},"sourceSize":{"w":89,"h":391}},"mine-1":{"frame":{"x":1715,"y":1389,"w":139,"h":134},"rotated":false,"trimmed":false,"spriteSourceSize":{"x":0,"y":0,"w":139,"h":134},"sourceSize":{"w":139,"h":134}}},"meta":{"app":"https://www.leshylabs.com/apps/sstool/","version":"Leshy SpriteSheet Tool v0.8.4","image":"spritesheet4.png","size":{"w":1855,"h":1756},"scale":1}}