{"frames":{"BG_menu1":{"frame":{"x":0,"y":0,"w":1200,"h":480},"rotated":false,"trimmed":false,"spriteSourceSize":{"x":0,"y":0,"w":1200,"h":480},"sourceSize":{"w":1200,"h":480}},"BG_info":{"frame":{"x":0,"y":481,"w":1200,"h":480},"rotated":false,"trimmed":false,"spriteSourceSize":{"x":0,"y":0,"w":1200,"h":480},"sourceSize":{"w":1200,"h":480}}},"meta":{"app":"https://www.leshylabs.com/apps/sstool/","version":"Leshy SpriteSheet Tool v0.8.4","image":"spritesheet3.png","size":{"w":1200,"h":961},"scale":1}}