{"frames":{"2":{"frame":{"x":471,"y":746,"w":250,"h":90},"rotated":false,"trimmed":false,"spriteSourceSize":{"x":0,"y":0,"w":250,"h":90},"sourceSize":{"w":250,"h":90}},"bg2-part1":{"frame":{"x":0,"y":636,"w":470,"h":226},"rotated":false,"trimmed":false,"spriteSourceSize":{"x":0,"y":0,"w":470,"h":226},"sourceSize":{"w":470,"h":226}},"bg2-part2":{"frame":{"x":1238,"y":580,"w":470,"h":226},"rotated":false,"trimmed":false,"spriteSourceSize":{"x":0,"y":0,"w":470,"h":226},"sourceSize":{"w":470,"h":226}},"bg2-part3":{"frame":{"x":1238,"y":1492,"w":470,"h":226},"rotated":false,"trimmed":false,"spriteSourceSize":{"x":0,"y":0,"w":470,"h":226},"sourceSize":{"w":470,"h":226}},"guľka":{"frame":{"x":525,"y":1708,"w":3,"h":3},"rotated":false,"trimmed":false,"spriteSourceSize":{"x":0,"y":0,"w":3,"h":3},"sourceSize":{"w":3,"h":3}},"bg3-part3":{"frame":{"x":1238,"y":975,"w":470,"h":226},"rotated":false,"trimmed":false,"spriteSourceSize":{"x":0,"y":0,"w":470,"h":226},"sourceSize":{"w":470,"h":226}},"cloud1":{"frame":{"x":471,"y":655,"w":250,"h":90},"rotated":false,"trimmed":false,"spriteSourceSize":{"x":0,"y":0,"w":250,"h":90},"sourceSize":{"w":250,"h":90}},"decor2":{"frame":{"x":996,"y":1443,"w":70,"h":43},"rotated":false,"trimmed":false,"spriteSourceSize":{"x":0,"y":0,"w":70,"h":43},"sourceSize":{"w":70,"h":43}},"decor3":{"frame":{"x":525,"y":1670,"w":62,"h":37},"rotated":false,"trimmed":false,"spriteSourceSize":{"x":0,"y":0,"w":62,"h":37},"sourceSize":{"w":62,"h":37}},"bg3-part1":{"frame":{"x":767,"y":0,"w":470,"h":226},"rotated":false,"trimmed":false,"spriteSourceSize":{"x":0,"y":0,"w":470,"h":226},"sourceSize":{"w":470,"h":226}},"bg3-part2":{"frame":{"x":525,"y":1443,"w":470,"h":226},"rotated":false,"trimmed":false,"spriteSourceSize":{"x":0,"y":0,"w":470,"h":226},"sourceSize":{"w":470,"h":226}},"decor4":{"frame":{"x":471,"y":0,"w":295,"h":252},"rotated":false,"trimmed":false,"spriteSourceSize":{"x":0,"y":0,"w":295,"h":252},"sourceSize":{"w":295,"h":252}},"decor5":{"frame":{"x":471,"y":521,"w":255,"h":133},"rotated":false,"trimmed":false,"spriteSourceSize":{"x":0,"y":0,"w":255,"h":133},"sourceSize":{"w":255,"h":133}},"decor7":{"frame":{"x":1238,"y":807,"w":366,"h":167},"rotated":false,"trimmed":false,"spriteSourceSize":{"x":0,"y":0,"w":366,"h":167},"sourceSize":{"w":366,"h":167}},"decor6":{"frame":{"x":767,"y":876,"w":270,"h":222},"rotated":false,"trimmed":false,"spriteSourceSize":{"x":0,"y":0,"w":270,"h":222},"sourceSize":{"w":270,"h":222}},"decor1":{"frame":{"x":996,"y":1487,"w":71,"h":38},"rotated":false,"trimmed":false,"spriteSourceSize":{"x":0,"y":0,"w":71,"h":38},"sourceSize":{"w":71,"h":38}},"decor8":{"frame":{"x":767,"y":713,"w":457,"h":162},"rotated":false,"trimmed":false,"spriteSourceSize":{"x":0,"y":0,"w":457,"h":162},"sourceSize":{"w":457,"h":162}},"decor9":{"frame":{"x":0,"y":243,"w":329,"h":163},"rotated":false,"trimmed":false,"spriteSourceSize":{"x":0,"y":0,"w":329,"h":163},"sourceSize":{"w":329,"h":163}},"rock2":{"frame":{"x":471,"y":253,"w":255,"h":267},"rotated":false,"trimmed":false,"spriteSourceSize":{"x":0,"y":0,"w":255,"h":267},"sourceSize":{"w":255,"h":267}},"guľka1":{"frame":{"x":465,"y":407,"w":3,"h":30},"rotated":false,"trimmed":false,"spriteSourceSize":{"x":0,"y":0,"w":3,"h":30},"sourceSize":{"w":3,"h":30}},"guľka1vacsie":{"frame":{"x":996,"y":1526,"w":6,"h":79},"rotated":false,"trimmed":false,"spriteSourceSize":{"x":0,"y":0,"w":6,"h":79},"sourceSize":{"w":6,"h":79}},"guľka2":{"frame":{"x":525,"y":1712,"w":4,"h":6},"rotated":false,"trimmed":false,"spriteSourceSize":{"x":0,"y":0,"w":4,"h":6},"sourceSize":{"w":4,"h":6}},"shark-00":{"frame":{"x":0,"y":1153,"w":524,"h":289},"rotated":false,"trimmed":false,"spriteSourceSize":{"x":0,"y":0,"w":524,"h":289},"sourceSize":{"w":524,"h":289}},"shark_-2":{"frame":{"x":1238,"y":290,"w":524,"h":289},"rotated":false,"trimmed":false,"spriteSourceSize":{"x":0,"y":0,"w":524,"h":289},"sourceSize":{"w":524,"h":289}},"shark-2":{"frame":{"x":1238,"y":0,"w":524,"h":289},"rotated":false,"trimmed":false,"spriteSourceSize":{"x":0,"y":0,"w":524,"h":289},"sourceSize":{"w":524,"h":289}},"shark-a1":{"frame":{"x":1238,"y":1202,"w":524,"h":289},"rotated":false,"trimmed":false,"spriteSourceSize":{"x":0,"y":0,"w":524,"h":289},"sourceSize":{"w":524,"h":289}},"shark-a2":{"frame":{"x":0,"y":863,"w":524,"h":289},"rotated":false,"trimmed":false,"spriteSourceSize":{"x":0,"y":0,"w":524,"h":289},"sourceSize":{"w":524,"h":289}},"shark-a3":{"frame":{"x":525,"y":1153,"w":524,"h":289},"rotated":false,"trimmed":false,"spriteSourceSize":{"x":0,"y":0,"w":524,"h":289},"sourceSize":{"w":524,"h":289}},"shark-dead":{"frame":{"x":0,"y":407,"w":464,"h":228},"rotated":false,"trimmed":false,"spriteSourceSize":{"x":0,"y":0,"w":464,"h":228},"sourceSize":{"w":464,"h":228}},"shark-Zp":{"frame":{"x":1050,"y":1153,"w":153,"h":276},"rotated":false,"trimmed":false,"spriteSourceSize":{"x":0,"y":0,"w":153,"h":276},"sourceSize":{"w":153,"h":276}},"shark-Pp":{"frame":{"x":330,"y":243,"w":105,"h":148},"rotated":false,"trimmed":false,"spriteSourceSize":{"x":0,"y":0,"w":105,"h":148},"sourceSize":{"w":105,"h":148}},"shark-0":{"frame":{"x":0,"y":1443,"w":524,"h":289},"rotated":false,"trimmed":false,"spriteSourceSize":{"x":0,"y":0,"w":524,"h":289},"sourceSize":{"w":524,"h":289}},"m4":{"frame":{"x":525,"y":999,"w":76,"h":27},"rotated":false,"trimmed":false,"spriteSourceSize":{"x":0,"y":0,"w":76,"h":27},"sourceSize":{"w":76,"h":27}},"vojak-ruka1":{"frame":{"x":525,"y":970,"w":30,"h":28},"rotated":false,"trimmed":false,"spriteSourceSize":{"x":0,"y":0,"w":30,"h":28},"sourceSize":{"w":30,"h":28}},"bg1-part1":{"frame":{"x":767,"y":227,"w":470,"h":242},"rotated":false,"trimmed":false,"spriteSourceSize":{"x":0,"y":0,"w":470,"h":242},"sourceSize":{"w":470,"h":242}},"vojak1":{"frame":{"x":525,"y":863,"w":62,"h":106},"rotated":false,"trimmed":false,"spriteSourceSize":{"x":0,"y":0,"w":62,"h":106},"sourceSize":{"w":62,"h":106}},"vojak2":{"frame":{"x":525,"y":1027,"w":62,"h":106},"rotated":false,"trimmed":false,"spriteSourceSize":{"x":0,"y":0,"w":62,"h":106},"sourceSize":{"w":62,"h":106}},"bg1-part3":{"frame":{"x":0,"y":0,"w":470,"h":242},"rotated":false,"trimmed":false,"spriteSourceSize":{"x":0,"y":0,"w":470,"h":242},"sourceSize":{"w":470,"h":242}},"bg1-part2":{"frame":{"x":767,"y":470,"w":470,"h":242},"rotated":false,"trimmed":false,"spriteSourceSize":{"x":0,"y":0,"w":470,"h":242},"sourceSize":{"w":470,"h":242}}},"meta":{"app":"https://www.leshylabs.com/apps/sstool/","version":"Leshy SpriteSheet Tool v0.8.4","image":"spritesheet2.png","size":{"w":1762,"h":1732},"scale":1}}