[
  {
    "name": "flash/accessibility/Accessibility",
    "defs": [
      "flash.accessibility:Accessibility"
    ],
    "offset": 0,
    "length": 355
  },
  {
    "name": "flash/accessibility/AccessibilityImplementation",
    "defs": [
      "flash.accessibility:AccessibilityImplementation"
    ],
    "offset": 355,
    "length": 995
  },
  {
    "name": "flash/accessibility/AccessibilityProperties",
    "defs": [
      "flash.accessibility:AccessibilityProperties"
    ],
    "offset": 1350,
    "length": 334
  },
  {
    "name": "flash/accessibility/ISearchableText",
    "defs": [
      "flash.accessibility:ISearchableText"
    ],
    "offset": 1684,
    "length": 183
  },
  {
    "name": "flash/accessibility/ISimpleTextSelection",
    "defs": [
      "flash.accessibility:ISimpleTextSelection"
    ],
    "offset": 1867,
    "length": 232
  },
  {
    "name": "flash/desktop/Clipboard",
    "defs": [
      "flash.desktop:Clipboard"
    ],
    "offset": 2099,
    "length": 552
  },
  {
    "name": "flash/desktop/ClipboardTransferMode",
    "defs": [
      "flash.desktop:ClipboardTransferMode"
    ],
    "offset": 2651,
    "length": 375
  },
  {
    "name": "flash/desktop/ClipboardFormats",
    "defs": [
      "flash.desktop:ClipboardFormats"
    ],
    "offset": 3026,
    "length": 653
  },
  {
    "name": "flash/errors/InvalidSWFError",
    "defs": [
      "flash.errors:InvalidSWFError"
    ],
    "offset": 3679,
    "length": 217
  },
  {
    "name": "flash/errors/StackOverflowError",
    "defs": [
      "flash.errors:StackOverflowError"
    ],
    "offset": 3896,
    "length": 223
  },
  {
    "name": "flash/errors/ScriptTimeoutError",
    "defs": [
      "flash.errors:ScriptTimeoutError"
    ],
    "offset": 4119,
    "length": 223
  },
  {
    "name": "flash/display/ActionScriptVersion",
    "defs": [
      "flash.display:ActionScriptVersion"
    ],
    "offset": 4342,
    "length": 253
  },
  {
    "name": "flash/display/AVM1Movie",
    "defs": [
      "flash.display:AVM1Movie"
    ],
    "offset": 4595,
    "length": 318
  },
  {
    "name": "flash/display/Bitmap",
    "defs": [
      "flash.display:Bitmap"
    ],
    "offset": 4913,
    "length": 390
  },
  {
    "name": "flash/display/BitmapData",
    "defs": [
      "flash.display:BitmapData"
    ],
    "offset": 5303,
    "length": 1445
  },
  {
    "name": "flash/display/BitmapDataChannel",
    "defs": [
      "flash.display:BitmapDataChannel"
    ],
    "offset": 6748,
    "length": 274
  },
  {
    "name": "flash/display/BitmapEncodingColorSpace",
    "defs": [
      "flash.display:BitmapEncodingColorSpace"
    ],
    "offset": 7022,
    "length": 355
  },
  {
    "name": "flash/display/BlendMode",
    "defs": [
      "flash.display:BlendMode"
    ],
    "offset": 7377,
    "length": 595
  },
  {
    "name": "flash/display/CapsStyle",
    "defs": [
      "flash.display:CapsStyle"
    ],
    "offset": 7972,
    "length": 256
  },
  {
    "name": "flash/display/ColorCorrection",
    "defs": [
      "flash.display:ColorCorrection"
    ],
    "offset": 8228,
    "length": 262
  },
  {
    "name": "flash/display/ColorCorrectionSupport",
    "defs": [
      "flash.display:ColorCorrectionSupport"
    ],
    "offset": 8490,
    "length": 314
  },
  {
    "name": "flash/display/DisplayObject",
    "defs": [
      "flash.display:DisplayObject"
    ],
    "offset": 8804,
    "length": 1466
  },
  {
    "name": "flash/display/DisplayObjectContainer",
    "defs": [
      "flash.display:DisplayObjectContainer"
    ],
    "offset": 10270,
    "length": 898
  },
  {
    "name": "flash/display/FocusDirection",
    "defs": [
      "flash.display:FocusDirection"
    ],
    "offset": 11168,
    "length": 262
  },
  {
    "name": "flash/display/FrameLabel",
    "defs": [
      "flash.display:FrameLabel"
    ],
    "offset": 11430,
    "length": 278
  },
  {
    "name": "flash/display/Graphics",
    "defs": [
      "flash.display:Graphics"
    ],
    "offset": 11708,
    "length": 956
  },
  {
    "name": "flash/display/GradientType",
    "defs": [
      "flash.display:GradientType"
    ],
    "offset": 12664,
    "length": 239
  },
  {
    "name": "flash/display/GraphicsBitmapFill",
    "defs": [
      "flash.display:GraphicsBitmapFill"
    ],
    "offset": 12903,
    "length": 346
  },
  {
    "name": "flash/display/GraphicsEndFill",
    "defs": [
      "flash.display:GraphicsEndFill"
    ],
    "offset": 13249,
    "length": 215
  },
  {
    "name": "flash/display/GraphicsGradientFill",
    "defs": [
      "flash.display:GraphicsGradientFill"
    ],
    "offset": 13464,
    "length": 697
  },
  {
    "name": "flash/display/GraphicsPath",
    "defs": [
      "flash.display:GraphicsPath"
    ],
    "offset": 14161,
    "length": 1258
  },
  {
    "name": "flash/display/GraphicsPathCommand",
    "defs": [
      "flash.display:GraphicsPathCommand"
    ],
    "offset": 15419,
    "length": 368
  },
  {
    "name": "flash/display/GraphicsPathWinding",
    "defs": [
      "flash.display:GraphicsPathWinding"
    ],
    "offset": 15787,
    "length": 259
  },
  {
    "name": "flash/display/GraphicsSolidFill",
    "defs": [
      "flash.display:GraphicsSolidFill"
    ],
    "offset": 16046,
    "length": 283
  },
  {
    "name": "flash/display/GraphicsStroke",
    "defs": [
      "flash.display:GraphicsStroke"
    ],
    "offset": 16329,
    "length": 1542
  },
  {
    "name": "flash/display/GraphicsTrianglePath",
    "defs": [
      "flash.display:GraphicsTrianglePath"
    ],
    "offset": 17871,
    "length": 680
  },
  {
    "name": "flash/display/IBitmapDrawable",
    "defs": [
      "flash.display:IBitmapDrawable"
    ],
    "offset": 18551,
    "length": 105
  },
  {
    "name": "flash/display/IDrawCommand",
    "defs": [
      "flash.display:IDrawCommand"
    ],
    "offset": 18656,
    "length": 102
  },
  {
    "name": "flash/display/IGraphicsData",
    "defs": [
      "flash.display:IGraphicsData"
    ],
    "offset": 18758,
    "length": 103
  },
  {
    "name": "flash/display/IGraphicsFill",
    "defs": [
      "flash.display:IGraphicsFill"
    ],
    "offset": 18861,
    "length": 103
  },
  {
    "name": "flash/display/IGraphicsPath",
    "defs": [
      "flash.display:IGraphicsPath"
    ],
    "offset": 18964,
    "length": 103
  },
  {
    "name": "flash/display/IGraphicsStroke",
    "defs": [
      "flash.display:IGraphicsStroke"
    ],
    "offset": 19067,
    "length": 105
  },
  {
    "name": "flash/display/InteractiveObject",
    "defs": [
      "flash.display:InteractiveObject"
    ],
    "offset": 19172,
    "length": 764
  },
  {
    "name": "flash/display/InterpolationMethod",
    "defs": [
      "flash.display:InterpolationMethod"
    ],
    "offset": 19936,
    "length": 254
  },
  {
    "name": "flash/display/JointStyle",
    "defs": [
      "flash.display:JointStyle"
    ],
    "offset": 20190,
    "length": 258
  },
  {
    "name": "flash/display/JPEGEncoderOptions",
    "defs": [
      "flash.display:JPEGEncoderOptions"
    ],
    "offset": 20448,
    "length": 216
  },
  {
    "name": "flash/display/JPEGXREncoderOptions",
    "defs": [
      "flash.display:JPEGXREncoderOptions"
    ],
    "offset": 20664,
    "length": 295
  },
  {
    "name": "flash/display/LineScaleMode",
    "defs": [
      "flash.display:LineScaleMode"
    ],
    "offset": 20959,
    "length": 307
  },
  {
    "name": "flash/display/Loader",
    "defs": [
      "flash.display:Loader"
    ],
    "offset": 21266,
    "length": 756
  },
  {
    "name": "flash/display/LoaderInfo",
    "defs": [
      "flash.display:LoaderInfo"
    ],
    "offset": 22022,
    "length": 992
  },
  {
    "name": "flash/display/MorphShape",
    "defs": [
      "flash.display:MorphShape"
    ],
    "offset": 23014,
    "length": 263
  },
  {
    "name": "flash/display/MovieClip",
    "defs": [
      "flash.display:MovieClip"
    ],
    "offset": 23277,
    "length": 845
  },
  {
    "name": "flash/display/NativeMenu",
    "defs": [
      "flash.display:NativeMenu"
    ],
    "offset": 24122,
    "length": 226
  },
  {
    "name": "flash/display/NativeMenuItem",
    "defs": [
      "flash.display:NativeMenuItem"
    ],
    "offset": 24348,
    "length": 285
  },
  {
    "name": "flash/display/PixelSnapping",
    "defs": [
      "flash.display:PixelSnapping"
    ],
    "offset": 24633,
    "length": 264
  },
  {
    "name": "flash/display/PNGEncoderOptions",
    "defs": [
      "flash.display:PNGEncoderOptions"
    ],
    "offset": 24897,
    "length": 224
  },
  {
    "name": "flash/display/Scene",
    "defs": [
      "flash.display:Scene"
    ],
    "offset": 25121,
    "length": 255
  },
  {
    "name": "flash/display/Shape",
    "defs": [
      "flash.display:Shape"
    ],
    "offset": 25376,
    "length": 266
  },
  {
    "name": "flash/display/SimpleButton",
    "defs": [
      "flash.display:SimpleButton"
    ],
    "offset": 25642,
    "length": 596
  },
  {
    "name": "flash/display/SpreadMethod",
    "defs": [
      "flash.display:SpreadMethod"
    ],
    "offset": 26238,
    "length": 264
  },
  {
    "name": "flash/display/Sprite",
    "defs": [
      "flash.display:Sprite"
    ],
    "offset": 26502,
    "length": 670
  },
  {
    "name": "flash/display/Stage",
    "defs": [
      "flash.display:Stage"
    ],
    "offset": 27172,
    "length": 2409
  },
  {
    "name": "flash/display/Stage3D",
    "defs": [
      "flash.display:Stage3D"
    ],
    "offset": 29581,
    "length": 443
  },
  {
    "name": "flash/display/StageAlign",
    "defs": [
      "flash.display:StageAlign"
    ],
    "offset": 30024,
    "length": 383
  },
  {
    "name": "flash/display/StageDisplayState",
    "defs": [
      "flash.display:StageDisplayState"
    ],
    "offset": 30407,
    "length": 319
  },
  {
    "name": "flash/display/StageQuality",
    "defs": [
      "flash.display:StageQuality"
    ],
    "offset": 30726,
    "length": 429
  },
  {
    "name": "flash/display/StageScaleMode",
    "defs": [
      "flash.display:StageScaleMode"
    ],
    "offset": 31155,
    "length": 317
  },
  {
    "name": "flash/display/SWFVersion",
    "defs": [
      "flash.display:SWFVersion"
    ],
    "offset": 31472,
    "length": 454
  },
  {
    "name": "flash/display/TriangleCulling",
    "defs": [
      "flash.display:TriangleCulling"
    ],
    "offset": 31926,
    "length": 278
  },
  {
    "name": "flash/external/ExternalInterface",
    "defs": [
      "flash.external:ExternalInterface"
    ],
    "offset": 32204,
    "length": 380
  },
  {
    "name": "flash/events/AccelerometerEvent",
    "defs": [
      "flash.events:AccelerometerEvent"
    ],
    "offset": 32584,
    "length": 817
  },
  {
    "name": "flash/events/ActivityEvent",
    "defs": [
      "flash.events:ActivityEvent"
    ],
    "offset": 33401,
    "length": 505
  },
  {
    "name": "flash/events/AsyncErrorEvent",
    "defs": [
      "flash.events:AsyncErrorEvent"
    ],
    "offset": 33906,
    "length": 398
  },
  {
    "name": "flash/events/ContextMenuEvent",
    "defs": [
      "flash.events:ContextMenuEvent"
    ],
    "offset": 34304,
    "length": 829
  },
  {
    "name": "flash/events/DataEvent",
    "defs": [
      "flash.events:DataEvent"
    ],
    "offset": 35133,
    "length": 546
  },
  {
    "name": "flash/events/ErrorEvent",
    "defs": [
      "flash.events:ErrorEvent"
    ],
    "offset": 35679,
    "length": 388
  },
  {
    "name": "flash/events/Event",
    "defs": [
      "flash.events:Event"
    ],
    "offset": 36067,
    "length": 2036
  },
  {
    "name": "flash/events/EventDispatcher",
    "defs": [
      "flash.events:EventDispatcher"
    ],
    "offset": 38103,
    "length": 463
  },
  {
    "name": "flash/events/EventPhase",
    "defs": [
      "flash.events:EventPhase"
    ],
    "offset": 38566,
    "length": 262
  },
  {
    "name": "flash/events/FocusEvent",
    "defs": [
      "flash.events:FocusEvent"
    ],
    "offset": 38828,
    "length": 980
  },
  {
    "name": "flash/events/FullScreenEvent",
    "defs": [
      "flash.events:FullScreenEvent"
    ],
    "offset": 39808,
    "length": 643
  },
  {
    "name": "flash/events/GameInputEvent",
    "defs": [
      "flash.events:GameInputEvent"
    ],
    "offset": 40451,
    "length": 390
  },
  {
    "name": "flash/events/GeolocationEvent",
    "defs": [
      "flash.events:GeolocationEvent"
    ],
    "offset": 40841,
    "length": 1137
  },
  {
    "name": "flash/events/GestureEvent",
    "defs": [
      "flash.events:GestureEvent"
    ],
    "offset": 41978,
    "length": 669
  },
  {
    "name": "flash/events/GesturePhase",
    "defs": [
      "flash.events:GesturePhase"
    ],
    "offset": 42647,
    "length": 281
  },
  {
    "name": "flash/events/HTTPStatusEvent",
    "defs": [
      "flash.events:HTTPStatusEvent"
    ],
    "offset": 42928,
    "length": 457
  },
  {
    "name": "flash/events/IEventDispatcher",
    "defs": [
      "flash.events:IEventDispatcher"
    ],
    "offset": 43385,
    "length": 353
  },
  {
    "name": "flash/events/IMEEvent",
    "defs": [
      "flash.events:IMEEvent"
    ],
    "offset": 43738,
    "length": 632
  },
  {
    "name": "flash/events/IOErrorEvent",
    "defs": [
      "flash.events:IOErrorEvent"
    ],
    "offset": 44370,
    "length": 495
  },
  {
    "name": "flash/events/KeyboardEvent",
    "defs": [
      "flash.events:KeyboardEvent"
    ],
    "offset": 44865,
    "length": 617
  },
  {
    "name": "flash/events/MouseEvent",
    "defs": [
      "flash.events:MouseEvent"
    ],
    "offset": 45482,
    "length": 1503
  },
  {
    "name": "flash/events/NetDataEvent",
    "defs": [
      "flash.events:NetDataEvent"
    ],
    "offset": 46985,
    "length": 565
  },
  {
    "name": "flash/events/NetFilterEvent",
    "defs": [
      "flash.events:NetFilterEvent"
    ],
    "offset": 47550,
    "length": 454
  },
  {
    "name": "flash/events/NetMonitorEvent",
    "defs": [
      "flash.events:NetMonitorEvent"
    ],
    "offset": 48004,
    "length": 516
  },
  {
    "name": "flash/events/NetStatusEvent",
    "defs": [
      "flash.events:NetStatusEvent"
    ],
    "offset": 48520,
    "length": 385
  },
  {
    "name": "flash/events/OutputProgressEvent",
    "defs": [
      "flash.events:OutputProgressEvent"
    ],
    "offset": 48905,
    "length": 638
  },
  {
    "name": "flash/events/PressAndTapGestureEvent",
    "defs": [
      "flash.events:PressAndTapGestureEvent"
    ],
    "offset": 49543,
    "length": 944
  },
  {
    "name": "flash/events/ProgressEvent",
    "defs": [
      "flash.events:ProgressEvent"
    ],
    "offset": 50487,
    "length": 460
  },
  {
    "name": "flash/events/SampleDataEvent",
    "defs": [
      "flash.events:SampleDataEvent"
    ],
    "offset": 50947,
    "length": 639
  },
  {
    "name": "flash/events/SecurityErrorEvent",
    "defs": [
      "flash.events:SecurityErrorEvent"
    ],
    "offset": 51586,
    "length": 511
  },
  {
    "name": "flash/events/SoftKeyboardEvent",
    "defs": [
      "flash.events:SoftKeyboardEvent"
    ],
    "offset": 52097,
    "length": 793
  },
  {
    "name": "flash/events/SoftKeyboardTrigger",
    "defs": [
      "flash.events:SoftKeyboardTrigger"
    ],
    "offset": 52890,
    "length": 287
  },
  {
    "name": "flash/events/StageVideoAvailabilityEvent",
    "defs": [
      "flash.events:StageVideoAvailabilityEvent"
    ],
    "offset": 53177,
    "length": 377
  },
  {
    "name": "flash/events/StageVideoEvent",
    "defs": [
      "flash.events:StageVideoEvent"
    ],
    "offset": 53554,
    "length": 535
  },
  {
    "name": "flash/events/StatusEvent",
    "defs": [
      "flash.events:StatusEvent"
    ],
    "offset": 54089,
    "length": 366
  },
  {
    "name": "flash/events/SyncEvent",
    "defs": [
      "flash.events:SyncEvent"
    ],
    "offset": 54455,
    "length": 466
  },
  {
    "name": "flash/events/TextEvent",
    "defs": [
      "flash.events:TextEvent"
    ],
    "offset": 54921,
    "length": 381
  },
  {
    "name": "flash/events/ThrottleEvent",
    "defs": [
      "flash.events:ThrottleEvent"
    ],
    "offset": 55302,
    "length": 553
  },
  {
    "name": "flash/events/ThrottleType",
    "defs": [
      "flash.events:ThrottleType"
    ],
    "offset": 55855,
    "length": 268
  },
  {
    "name": "flash/events/TimerEvent",
    "defs": [
      "flash.events:TimerEvent"
    ],
    "offset": 56123,
    "length": 389
  },
  {
    "name": "flash/events/TouchEvent",
    "defs": [
      "flash.events:TouchEvent"
    ],
    "offset": 56512,
    "length": 1501
  },
  {
    "name": "flash/events/TransformGestureEvent",
    "defs": [
      "flash.events:TransformGestureEvent"
    ],
    "offset": 58013,
    "length": 1154
  },
  {
    "name": "flash/events/UncaughtErrorEvent",
    "defs": [
      "flash.events:UncaughtErrorEvent"
    ],
    "offset": 59167,
    "length": 525
  },
  {
    "name": "flash/events/UncaughtErrorEvents",
    "defs": [
      "flash.events:UncaughtErrorEvents"
    ],
    "offset": 59692,
    "length": 236
  },
  {
    "name": "flash/events/VideoEvent",
    "defs": [
      "flash.events:VideoEvent"
    ],
    "offset": 59928,
    "length": 461
  },
  {
    "name": "flash/geom/ColorTransform",
    "defs": [
      "flash.geom:ColorTransform"
    ],
    "offset": 60389,
    "length": 586
  },
  {
    "name": "flash/geom/Matrix",
    "defs": [
      "flash.geom:Matrix"
    ],
    "offset": 60975,
    "length": 814
  },
  {
    "name": "flash/geom/Matrix3D",
    "defs": [
      "flash.geom:Matrix3D"
    ],
    "offset": 61789,
    "length": 1092
  },
  {
    "name": "flash/geom/Orientation3D",
    "defs": [
      "flash.geom:Orientation3D"
    ],
    "offset": 62881,
    "length": 290
  },
  {
    "name": "flash/geom/PerspectiveProjection",
    "defs": [
      "flash.geom:PerspectiveProjection"
    ],
    "offset": 63171,
    "length": 375
  },
  {
    "name": "flash/geom/Point",
    "defs": [
      "flash.geom:Point"
    ],
    "offset": 63546,
    "length": 516
  },
  {
    "name": "flash/geom/Rectangle",
    "defs": [
      "flash.geom:Rectangle"
    ],
    "offset": 64062,
    "length": 889
  },
  {
    "name": "flash/geom/Transform",
    "defs": [
      "flash.geom:Transform"
    ],
    "offset": 64951,
    "length": 553
  },
  {
    "name": "flash/geom/Utils3D",
    "defs": [
      "flash.geom:Utils3D"
    ],
    "offset": 65504,
    "length": 342
  },
  {
    "name": "flash/geom/Vector3D",
    "defs": [
      "flash.geom:Vector3D"
    ],
    "offset": 65846,
    "length": 830
  },
  {
    "name": "flash/filters/BevelFilter",
    "defs": [
      "flash.filters:BevelFilter"
    ],
    "offset": 66676,
    "length": 685
  },
  {
    "name": "flash/filters/BitmapFilter",
    "defs": [
      "flash.filters:BitmapFilter"
    ],
    "offset": 67361,
    "length": 209
  },
  {
    "name": "flash/filters/BitmapFilterQuality",
    "defs": [
      "flash.filters:BitmapFilterQuality"
    ],
    "offset": 67570,
    "length": 256
  },
  {
    "name": "flash/filters/BitmapFilterType",
    "defs": [
      "flash.filters:BitmapFilterType"
    ],
    "offset": 67826,
    "length": 268
  },
  {
    "name": "flash/filters/BlurFilter",
    "defs": [
      "flash.filters:BlurFilter"
    ],
    "offset": 68094,
    "length": 342
  },
  {
    "name": "flash/filters/ColorMatrixFilter",
    "defs": [
      "flash.filters:ColorMatrixFilter"
    ],
    "offset": 68436,
    "length": 294
  },
  {
    "name": "flash/filters/ConvolutionFilter",
    "defs": [
      "flash.filters:ConvolutionFilter"
    ],
    "offset": 68730,
    "length": 570
  },
  {
    "name": "flash/filters/DisplacementMapFilter",
    "defs": [
      "flash.filters:DisplacementMapFilter"
    ],
    "offset": 69300,
    "length": 632
  },
  {
    "name": "flash/filters/DisplacementMapFilterMode",
    "defs": [
      "flash.filters:DisplacementMapFilterMode"
    ],
    "offset": 69932,
    "length": 315
  },
  {
    "name": "flash/filters/DropShadowFilter",
    "defs": [
      "flash.filters:DropShadowFilter"
    ],
    "offset": 70247,
    "length": 627
  },
  {
    "name": "flash/filters/GlowFilter",
    "defs": [
      "flash.filters:GlowFilter"
    ],
    "offset": 70874,
    "length": 517
  },
  {
    "name": "flash/filters/GradientBevelFilter",
    "defs": [
      "flash.filters:GradientBevelFilter"
    ],
    "offset": 71391,
    "length": 649
  },
  {
    "name": "flash/filters/GradientGlowFilter",
    "defs": [
      "flash.filters:GradientGlowFilter"
    ],
    "offset": 72040,
    "length": 646
  },
  {
    "name": "flash/globalization/Collator",
    "defs": [
      "flash.globalization:Collator"
    ],
    "offset": 72686,
    "length": 692
  },
  {
    "name": "flash/globalization/CollatorMode",
    "defs": [
      "flash.globalization:CollatorMode"
    ],
    "offset": 73378,
    "length": 257
  },
  {
    "name": "flash/globalization/CurrencyFormatter",
    "defs": [
      "flash.globalization:CurrencyFormatter"
    ],
    "offset": 73635,
    "length": 1104
  },
  {
    "name": "flash/globalization/CurrencyParseResult",
    "defs": [
      "flash.globalization:CurrencyParseResult"
    ],
    "offset": 74739,
    "length": 350
  },
  {
    "name": "flash/globalization/DateTimeFormatter",
    "defs": [
      "flash.globalization:DateTimeFormatter"
    ],
    "offset": 75089,
    "length": 830
  },
  {
    "name": "flash/globalization/DateTimeNameContext",
    "defs": [
      "flash.globalization:DateTimeNameContext"
    ],
    "offset": 75919,
    "length": 273
  },
  {
    "name": "flash/globalization/DateTimeNameStyle",
    "defs": [
      "flash.globalization:DateTimeNameStyle"
    ],
    "offset": 76192,
    "length": 330
  },
  {
    "name": "flash/globalization/DateTimeStyle",
    "defs": [
      "flash.globalization:DateTimeStyle"
    ],
    "offset": 76522,
    "length": 330
  },
  {
    "name": "flash/globalization/LastOperationStatus",
    "defs": [
      "flash.globalization:LastOperationStatus"
    ],
    "offset": 76852,
    "length": 1104
  },
  {
    "name": "flash/globalization/LocaleID",
    "defs": [
      "flash.globalization:LocaleID"
    ],
    "offset": 77956,
    "length": 560
  },
  {
    "name": "flash/globalization/NationalDigitsType",
    "defs": [
      "flash.globalization:NationalDigitsType"
    ],
    "offset": 78516,
    "length": 1055
  },
  {
    "name": "flash/globalization/NumberFormatter",
    "defs": [
      "flash.globalization:NumberFormatter"
    ],
    "offset": 79571,
    "length": 946
  },
  {
    "name": "flash/globalization/NumberParseResult",
    "defs": [
      "flash.globalization:NumberParseResult"
    ],
    "offset": 80517,
    "length": 367
  },
  {
    "name": "flash/globalization/StringTools",
    "defs": [
      "flash.globalization:StringTools"
    ],
    "offset": 80884,
    "length": 460
  },
  {
    "name": "flash/media/AudioDecoder",
    "defs": [
      "flash.media:AudioDecoder"
    ],
    "offset": 81344,
    "length": 448
  },
  {
    "name": "flash/media/Camera",
    "defs": [
      "flash.media:Camera"
    ],
    "offset": 81792,
    "length": 1009
  },
  {
    "name": "flash/media/H264Level",
    "defs": [
      "flash.media:H264Level"
    ],
    "offset": 82801,
    "length": 613
  },
  {
    "name": "flash/media/H264Profile",
    "defs": [
      "flash.media:H264Profile"
    ],
    "offset": 83414,
    "length": 233
  },
  {
    "name": "flash/media/H264VideoStreamSettings",
    "defs": [
      "flash.media:H264VideoStreamSettings"
    ],
    "offset": 83647,
    "length": 1137
  },
  {
    "name": "flash/media/ID3Info",
    "defs": [
      "flash.media:ID3Info"
    ],
    "offset": 84784,
    "length": 300
  },
  {
    "name": "flash/media/Microphone",
    "defs": [
      "flash.media:Microphone"
    ],
    "offset": 85084,
    "length": 986
  },
  {
    "name": "flash/media/MicrophoneEnhancedMode",
    "defs": [
      "flash.media:MicrophoneEnhancedMode"
    ],
    "offset": 86070,
    "length": 367
  },
  {
    "name": "flash/media/MicrophoneEnhancedOptions",
    "defs": [
      "flash.media:MicrophoneEnhancedOptions"
    ],
    "offset": 86437,
    "length": 604
  },
  {
    "name": "flash/media/Sound",
    "defs": [
      "flash.media:Sound"
    ],
    "offset": 87041,
    "length": 726
  },
  {
    "name": "flash/media/SoundChannel",
    "defs": [
      "flash.media:SoundChannel"
    ],
    "offset": 87767,
    "length": 390
  },
  {
    "name": "flash/media/SoundCodec",
    "defs": [
      "flash.media:SoundCodec"
    ],
    "offset": 88157,
    "length": 287
  },
  {
    "name": "flash/media/SoundLoaderContext",
    "defs": [
      "flash.media:SoundLoaderContext"
    ],
    "offset": 88444,
    "length": 261
  },
  {
    "name": "flash/media/SoundMixer",
    "defs": [
      "flash.media:SoundMixer"
    ],
    "offset": 88705,
    "length": 513
  },
  {
    "name": "flash/media/SoundTransform",
    "defs": [
      "flash.media:SoundTransform"
    ],
    "offset": 89218,
    "length": 422
  },
  {
    "name": "flash/media/StageVideo",
    "defs": [
      "flash.media:StageVideo"
    ],
    "offset": 89640,
    "length": 570
  },
  {
    "name": "flash/media/StageVideoAvailability",
    "defs": [
      "flash.media:StageVideoAvailability"
    ],
    "offset": 90210,
    "length": 271
  },
  {
    "name": "flash/media/Video",
    "defs": [
      "flash.media:Video"
    ],
    "offset": 90481,
    "length": 494
  },
  {
    "name": "flash/media/VideoCodec",
    "defs": [
      "flash.media:VideoCodec"
    ],
    "offset": 90975,
    "length": 256
  },
  {
    "name": "flash/media/VideoStatus",
    "defs": [
      "flash.media:VideoStatus"
    ],
    "offset": 91231,
    "length": 286
  },
  {
    "name": "flash/media/VideoStreamSettings",
    "defs": [
      "flash.media:VideoStreamSettings"
    ],
    "offset": 91517,
    "length": 651
  },
  {
    "name": "flash/profiler/Telemetry",
    "defs": [
      "flash.profiler:Telemetry"
    ],
    "offset": 92168,
    "length": 422
  },
  {
    "name": "flash/printing/PrintJob",
    "defs": [
      "flash.printing:PrintJob"
    ],
    "offset": 92590,
    "length": 711
  },
  {
    "name": "flash/printing/PrintJobOptions",
    "defs": [
      "flash.printing:PrintJobOptions"
    ],
    "offset": 93301,
    "length": 216
  },
  {
    "name": "flash/printing/PrintJobOrientation",
    "defs": [
      "flash.printing:PrintJobOrientation"
    ],
    "offset": 93517,
    "length": 265
  },
  {
    "name": "flash/security/CertificateStatus",
    "defs": [
      "flash.security:CertificateStatus"
    ],
    "offset": 93782,
    "length": 533
  },
  {
    "name": "flash/security/X500DistinguishedName",
    "defs": [
      "flash.security:X500DistinguishedName"
    ],
    "offset": 94315,
    "length": 427
  },
  {
    "name": "flash/security/X509Certificate",
    "defs": [
      "flash.security:X509Certificate"
    ],
    "offset": 94742,
    "length": 635
  },
  {
    "name": "flash/sampler/ClassFactory",
    "defs": [
      "flash.sampler:ClassFactory"
    ],
    "offset": 95377,
    "length": 285
  },
  {
    "name": "flash/sampler/DeleteObjectSample",
    "defs": [
      "flash.sampler:DeleteObjectSample"
    ],
    "offset": 95662,
    "length": 233
  },
  {
    "name": "flash/sampler/NewObjectSample",
    "defs": [
      "flash.sampler:NewObjectSample"
    ],
    "offset": 95895,
    "length": 308
  },
  {
    "name": "flash/sampler/Sample",
    "defs": [
      "flash.sampler:Sample"
    ],
    "offset": 96203,
    "length": 205
  },
  {
    "name": "flash/sampler/StackFrame",
    "defs": [
      "flash.sampler:StackFrame"
    ],
    "offset": 96408,
    "length": 310
  },
  {
    "name": "flash/sampler/getSize",
    "defs": [
      "flash.sampler:getSize"
    ],
    "offset": 96718,
    "length": 94
  },
  {
    "name": "flash/system/ApplicationDomain",
    "defs": [
      "flash.system:ApplicationDomain"
    ],
    "offset": 96812,
    "length": 498
  },
  {
    "name": "flash/system/ApplicationInstaller",
    "defs": [
      "flash.system:ApplicationInstaller"
    ],
    "offset": 97310,
    "length": 426
  },
  {
    "name": "flash/system/AuthorizedFeatures",
    "defs": [
      "flash.system:AuthorizedFeatures"
    ],
    "offset": 97736,
    "length": 456
  },
  {
    "name": "flash/system/AuthorizedFeaturesLoader",
    "defs": [
      "flash.system:AuthorizedFeaturesLoader"
    ],
    "offset": 98192,
    "length": 398
  },
  {
    "name": "flash/system/Capabilities",
    "defs": [
      "flash.system:Capabilities"
    ],
    "offset": 98590,
    "length": 1133
  },
  {
    "name": "flash/system/DomainMemoryWithStage3D",
    "defs": [
      "flash.system:DomainMemoryWithStage3D"
    ],
    "offset": 99723,
    "length": 191
  },
  {
    "name": "flash/system/FSCommand",
    "defs": [
      "flash.system:FSCommand",
      "flash.system:fscommand"
    ],
    "offset": 99914,
    "length": 95
  },
  {
    "name": "flash/system/ImageDecodingPolicy",
    "defs": [
      "flash.system:ImageDecodingPolicy"
    ],
    "offset": 100009,
    "length": 257
  },
  {
    "name": "flash/system/IME",
    "defs": [
      "flash.system:IME"
    ],
    "offset": 100266,
    "length": 469
  },
  {
    "name": "flash/system/IMEConversionMode",
    "defs": [
      "flash.system:IMEConversionMode"
    ],
    "offset": 100735,
    "length": 432
  },
  {
    "name": "flash/system/JPEGLoaderContext",
    "defs": [
      "flash.system:JPEGLoaderContext"
    ],
    "offset": 101167,
    "length": 309
  },
  {
    "name": "flash/system/LoaderContext",
    "defs": [
      "flash.system:LoaderContext"
    ],
    "offset": 101476,
    "length": 480
  },
  {
    "name": "flash/system/MessageChannel",
    "defs": [
      "flash.system:MessageChannel"
    ],
    "offset": 101956,
    "length": 584
  },
  {
    "name": "flash/system/MessageChannelState",
    "defs": [
      "flash.system:MessageChannelState"
    ],
    "offset": 102540,
    "length": 278
  },
  {
    "name": "flash/system/Security",
    "defs": [
      "flash.system:Security"
    ],
    "offset": 102818,
    "length": 773
  },
  {
    "name": "flash/system/SecurityDomain",
    "defs": [
      "flash.system:SecurityDomain"
    ],
    "offset": 103591,
    "length": 221
  },
  {
    "name": "flash/system/SecurityPanel",
    "defs": [
      "flash.system:SecurityPanel"
    ],
    "offset": 103812,
    "length": 430
  },
  {
    "name": "flash/system/System",
    "defs": [
      "flash.system:System"
    ],
    "offset": 104242,
    "length": 602
  },
  {
    "name": "flash/system/SystemUpdater",
    "defs": [
      "flash.system:SystemUpdater"
    ],
    "offset": 104844,
    "length": 322
  },
  {
    "name": "flash/system/SystemUpdaterType",
    "defs": [
      "flash.system:SystemUpdaterType"
    ],
    "offset": 105166,
    "length": 241
  },
  {
    "name": "flash/system/TouchscreenType",
    "defs": [
      "flash.system:TouchscreenType"
    ],
    "offset": 105407,
    "length": 268
  },
  {
    "name": "flash/trace/Trace",
    "defs": [
      "flash.trace:Trace"
    ],
    "offset": 105675,
    "length": 488
  },
  {
    "name": "flash/ui/ContextMenu",
    "defs": [
      "flash.ui:ContextMenu"
    ],
    "offset": 106163,
    "length": 636
  },
  {
    "name": "flash/ui/ContextMenuBuiltInItems",
    "defs": [
      "flash.ui:ContextMenuBuiltInItems"
    ],
    "offset": 106799,
    "length": 467
  },
  {
    "name": "flash/ui/ContextMenuClipboardItems",
    "defs": [
      "flash.ui:ContextMenuClipboardItems"
    ],
    "offset": 107266,
    "length": 380
  },
  {
    "name": "flash/ui/ContextMenuItem",
    "defs": [
      "flash.ui:ContextMenuItem"
    ],
    "offset": 107646,
    "length": 458
  },
  {
    "name": "flash/ui/GameInput",
    "defs": [
      "flash.ui:GameInput"
    ],
    "offset": 108104,
    "length": 333
  },
  {
    "name": "flash/ui/GameInputControl",
    "defs": [
      "flash.ui:GameInputControl"
    ],
    "offset": 108437,
    "length": 458
  },
  {
    "name": "flash/ui/GameInputControlType",
    "defs": [
      "flash.ui:GameInputControlType"
    ],
    "offset": 108895,
    "length": 389
  },
  {
    "name": "flash/ui/GameInputDevice",
    "defs": [
      "flash.ui:GameInputDevice"
    ],
    "offset": 109284,
    "length": 623
  },
  {
    "name": "flash/ui/GameInputFinger",
    "defs": [
      "flash.ui:GameInputFinger"
    ],
    "offset": 109907,
    "length": 291
  },
  {
    "name": "flash/ui/GameInputHand",
    "defs": [
      "flash.ui:GameInputHand"
    ],
    "offset": 110198,
    "length": 256
  },
  {
    "name": "flash/ui/Keyboard",
    "defs": [
      "flash.ui:Keyboard"
    ],
    "offset": 110454,
    "length": 9336
  },
  {
    "name": "flash/ui/KeyboardType",
    "defs": [
      "flash.ui:KeyboardType"
    ],
    "offset": 119790,
    "length": 266
  },
  {
    "name": "flash/ui/KeyLocation",
    "defs": [
      "flash.ui:KeyLocation"
    ],
    "offset": 120056,
    "length": 273
  },
  {
    "name": "flash/ui/Mouse",
    "defs": [
      "flash.ui:Mouse"
    ],
    "offset": 120329,
    "length": 383
  },
  {
    "name": "flash/ui/MouseCursor",
    "defs": [
      "flash.ui:MouseCursor"
    ],
    "offset": 120712,
    "length": 302
  },
  {
    "name": "flash/ui/MouseCursorData",
    "defs": [
      "flash.ui:MouseCursorData"
    ],
    "offset": 121014,
    "length": 352
  },
  {
    "name": "flash/ui/Multitouch",
    "defs": [
      "flash.ui:Multitouch"
    ],
    "offset": 121366,
    "length": 435
  },
  {
    "name": "flash/ui/MultitouchInputMode",
    "defs": [
      "flash.ui:MultitouchInputMode"
    ],
    "offset": 121801,
    "length": 279
  },
  {
    "name": "flash/sensors/Accelerometer",
    "defs": [
      "flash.sensors:Accelerometer"
    ],
    "offset": 122080,
    "length": 357
  },
  {
    "name": "flash/sensors/Geolocation",
    "defs": [
      "flash.sensors:Geolocation"
    ],
    "offset": 122437,
    "length": 351
  },
  {
    "name": "flash/display3D/Context3D",
    "defs": [
      "flash.display3D:Context3D"
    ],
    "offset": 122788,
    "length": 2088
  },
  {
    "name": "flash/display3D/Context3DBlendFactor",
    "defs": [
      "flash.display3D:Context3DBlendFactor"
    ],
    "offset": 124876,
    "length": 681
  },
  {
    "name": "flash/display3D/Context3DClearMask",
    "defs": [
      "flash.display3D:Context3DClearMask"
    ],
    "offset": 125557,
    "length": 292
  },
  {
    "name": "flash/display3D/Context3DProfile",
    "defs": [
      "flash.display3D:Context3DProfile"
    ],
    "offset": 125849,
    "length": 282
  },
  {
    "name": "flash/display3D/Context3DProgramType",
    "defs": [
      "flash.display3D:Context3DProgramType"
    ],
    "offset": 126131,
    "length": 263
  },
  {
    "name": "flash/display3D/Context3DRenderMode",
    "defs": [
      "flash.display3D:Context3DRenderMode"
    ],
    "offset": 126394,
    "length": 257
  },
  {
    "name": "flash/display3D/Context3DCompareMode",
    "defs": [
      "flash.display3D:Context3DCompareMode"
    ],
    "offset": 126651,
    "length": 452
  },
  {
    "name": "flash/display3D/Context3DStencilAction",
    "defs": [
      "flash.display3D:Context3DStencilAction"
    ],
    "offset": 127103,
    "length": 499
  },
  {
    "name": "flash/display3D/Context3DTextureFormat",
    "defs": [
      "flash.display3D:Context3DTextureFormat"
    ],
    "offset": 127602,
    "length": 315
  },
  {
    "name": "flash/display3D/Context3DTriangleFace",
    "defs": [
      "flash.display3D:Context3DTriangleFace"
    ],
    "offset": 127917,
    "length": 323
  },
  {
    "name": "flash/display3D/Context3DVertexBufferFormat",
    "defs": [
      "flash.display3D:Context3DVertexBufferFormat"
    ],
    "offset": 128240,
    "length": 365
  },
  {
    "name": "flash/display3D/IndexBuffer3D",
    "defs": [
      "flash.display3D:IndexBuffer3D"
    ],
    "offset": 128605,
    "length": 364
  },
  {
    "name": "flash/display3D/Program3D",
    "defs": [
      "flash.display3D:Program3D"
    ],
    "offset": 128969,
    "length": 275
  },
  {
    "name": "flash/display3D/VertexBuffer3D",
    "defs": [
      "flash.display3D:VertexBuffer3D"
    ],
    "offset": 129244,
    "length": 367
  },
  {
    "name": "flash/display3D/textures/CubeTexture",
    "defs": [
      "flash.display3D.textures:CubeTexture"
    ],
    "offset": 129611,
    "length": 501
  },
  {
    "name": "flash/display3D/textures/Texture",
    "defs": [
      "flash.display3D.textures:Texture"
    ],
    "offset": 130112,
    "length": 487
  },
  {
    "name": "flash/display3D/textures/TextureBase",
    "defs": [
      "flash.display3D.textures:TextureBase"
    ],
    "offset": 130599,
    "length": 292
  },
  {
    "name": "flash/net/DynamicPropertyOutput",
    "defs": [
      "flash.net:DynamicPropertyOutput"
    ],
    "offset": 130891,
    "length": 308
  },
  {
    "name": "flash/net/FileFilter",
    "defs": [
      "flash.net:FileFilter"
    ],
    "offset": 131199,
    "length": 318
  },
  {
    "name": "flash/net/FileReference",
    "defs": [
      "flash.net:FileReference"
    ],
    "offset": 131517,
    "length": 666
  },
  {
    "name": "flash/net/FileReferenceList",
    "defs": [
      "flash.net:FileReferenceList"
    ],
    "offset": 132183,
    "length": 315
  },
  {
    "name": "flash/net/GroupSpecifier",
    "defs": [
      "flash.net:GroupSpecifier"
    ],
    "offset": 132498,
    "length": 1492
  },
  {
    "name": "flash/net/IDynamicPropertyOutput",
    "defs": [
      "flash.net:IDynamicPropertyOutput"
    ],
    "offset": 133990,
    "length": 197
  },
  {
    "name": "flash/net/IDynamicPropertyWriter",
    "defs": [
      "flash.net:IDynamicPropertyWriter"
    ],
    "offset": 134187,
    "length": 225
  },
  {
    "name": "flash/net/LocalConnection",
    "defs": [
      "flash.net:LocalConnection"
    ],
    "offset": 134412,
    "length": 469
  },
  {
    "name": "flash/net/NetConnection",
    "defs": [
      "flash.net:NetConnection"
    ],
    "offset": 134881,
    "length": 759
  },
  {
    "name": "flash/net/NetGroup",
    "defs": [
      "flash.net:NetGroup"
    ],
    "offset": 135640,
    "length": 1299
  },
  {
    "name": "flash/net/NetGroupInfo",
    "defs": [
      "flash.net:NetGroupInfo"
    ],
    "offset": 136939,
    "length": 768
  },
  {
    "name": "flash/net/NetGroupReceiveMode",
    "defs": [
      "flash.net:NetGroupReceiveMode"
    ],
    "offset": 137707,
    "length": 245
  },
  {
    "name": "flash/net/NetGroupReplicationStrategy",
    "defs": [
      "flash.net:NetGroupReplicationStrategy"
    ],
    "offset": 137952,
    "length": 283
  },
  {
    "name": "flash/net/NetGroupSendMode",
    "defs": [
      "flash.net:NetGroupSendMode"
    ],
    "offset": 138235,
    "length": 273
  },
  {
    "name": "flash/net/NetGroupSendResult",
    "defs": [
      "flash.net:NetGroupSendResult"
    ],
    "offset": 138508,
    "length": 270
  },
  {
    "name": "flash/net/NetMonitor",
    "defs": [
      "flash.net:NetMonitor"
    ],
    "offset": 138778,
    "length": 279
  },
  {
    "name": "flash/net/NetStream",
    "defs": [
      "flash.net:NetStream"
    ],
    "offset": 139057,
    "length": 3025
  },
  {
    "name": "flash/net/NetStreamAppendBytesAction",
    "defs": [
      "flash.net:NetStreamAppendBytesAction"
    ],
    "offset": 142082,
    "length": 315
  },
  {
    "name": "flash/net/NetStreamMulticastInfo",
    "defs": [
      "flash.net:NetStreamMulticastInfo"
    ],
    "offset": 142397,
    "length": 2712
  },
  {
    "name": "flash/net/NetStreamInfo",
    "defs": [
      "flash.net:NetStreamInfo"
    ],
    "offset": 145109,
    "length": 1958
  },
  {
    "name": "flash/net/NetStreamPlayOptions",
    "defs": [
      "flash.net:NetStreamPlayOptions"
    ],
    "offset": 147067,
    "length": 355
  },
  {
    "name": "flash/net/NetStreamPlayTransitions",
    "defs": [
      "flash.net:NetStreamPlayTransitions"
    ],
    "offset": 147422,
    "length": 406
  },
  {
    "name": "flash/net/ObjectEncoding",
    "defs": [
      "flash.net:ObjectEncoding"
    ],
    "offset": 147828,
    "length": 345
  },
  {
    "name": "flash/net/Responder",
    "defs": [
      "flash.net:Responder"
    ],
    "offset": 148173,
    "length": 239
  },
  {
    "name": "flash/net/SecureSocket",
    "defs": [
      "flash.net:SecureSocket"
    ],
    "offset": 148412,
    "length": 566
  },
  {
    "name": "flash/net/SharedObject",
    "defs": [
      "flash.net:SharedObject"
    ],
    "offset": 148978,
    "length": 699
  },
  {
    "name": "flash/net/SharedObjectFlushStatus",
    "defs": [
      "flash.net:SharedObjectFlushStatus"
    ],
    "offset": 149677,
    "length": 257
  },
  {
    "name": "flash/net/URLLoader",
    "defs": [
      "flash.net:URLLoader"
    ],
    "offset": 149934,
    "length": 435
  },
  {
    "name": "flash/net/Socket",
    "defs": [
      "flash.net:Socket"
    ],
    "offset": 150369,
    "length": 1282
  },
  {
    "name": "flash/net/URLLoaderDataFormat",
    "defs": [
      "flash.net:URLLoaderDataFormat"
    ],
    "offset": 151651,
    "length": 276
  },
  {
    "name": "flash/net/URLRequest",
    "defs": [
      "flash.net:URLRequest"
    ],
    "offset": 151927,
    "length": 379
  },
  {
    "name": "flash/net/URLRequestHeader",
    "defs": [
      "flash.net:URLRequestHeader"
    ],
    "offset": 152306,
    "length": 223
  },
  {
    "name": "flash/net/URLStream",
    "defs": [
      "flash.net:URLStream"
    ],
    "offset": 152529,
    "length": 894
  },
  {
    "name": "flash/net/URLRequestMethod",
    "defs": [
      "flash.net:URLRequestMethod"
    ],
    "offset": 153423,
    "length": 304
  },
  {
    "name": "flash/net/URLVariables",
    "defs": [
      "flash.net:URLVariables"
    ],
    "offset": 153727,
    "length": 245
  },
  {
    "name": "flash/net/XMLSocket",
    "defs": [
      "flash.net:XMLSocket"
    ],
    "offset": 153972,
    "length": 480
  },
  {
    "name": "flash/text/AntiAliasType",
    "defs": [
      "flash.text:AntiAliasType"
    ],
    "offset": 154452,
    "length": 239
  },
  {
    "name": "flash/text/CSMSettings",
    "defs": [
      "flash.text:CSMSettings"
    ],
    "offset": 154691,
    "length": 248
  },
  {
    "name": "flash/text/Font",
    "defs": [
      "flash.text:Font"
    ],
    "offset": 154939,
    "length": 361
  },
  {
    "name": "flash/text/FontStyle",
    "defs": [
      "flash.text:FontStyle"
    ],
    "offset": 155300,
    "length": 292
  },
  {
    "name": "flash/text/FontType",
    "defs": [
      "flash.text:FontType"
    ],
    "offset": 155592,
    "length": 269
  },
  {
    "name": "flash/text/GridFitType",
    "defs": [
      "flash.text:GridFitType"
    ],
    "offset": 155861,
    "length": 258
  },
  {
    "name": "flash/text/StaticText",
    "defs": [
      "flash.text:StaticText"
    ],
    "offset": 156119,
    "length": 299
  },
  {
    "name": "flash/text/StyleSheet",
    "defs": [
      "flash.text:StyleSheet"
    ],
    "offset": 156418,
    "length": 386
  },
  {
    "name": "flash/text/TextColorType",
    "defs": [
      "flash.text:TextColorType"
    ],
    "offset": 156804,
    "length": 241
  },
  {
    "name": "flash/text/TextDisplayMode",
    "defs": [
      "flash.text:TextDisplayMode"
    ],
    "offset": 157045,
    "length": 258
  },
  {
    "name": "flash/text/TextField",
    "defs": [
      "flash.text:TextField"
    ],
    "offset": 157303,
    "length": 2296
  },
  {
    "name": "flash/text/TextFieldAutoSize",
    "defs": [
      "flash.text:TextFieldAutoSize"
    ],
    "offset": 159599,
    "length": 291
  },
  {
    "name": "flash/text/TextFieldType",
    "defs": [
      "flash.text:TextFieldType"
    ],
    "offset": 159890,
    "length": 235
  },
  {
    "name": "flash/text/TextFormat",
    "defs": [
      "flash.text:TextFormat"
    ],
    "offset": 160125,
    "length": 778
  },
  {
    "name": "flash/text/TextFormatAlign",
    "defs": [
      "flash.text:TextFormatAlign"
    ],
    "offset": 160903,
    "length": 343
  },
  {
    "name": "flash/text/TextFormatDisplay",
    "defs": [
      "flash.text:TextFormatDisplay"
    ],
    "offset": 161246,
    "length": 241
  },
  {
    "name": "flash/text/TextInteractionMode",
    "defs": [
      "flash.text:TextInteractionMode"
    ],
    "offset": 161487,
    "length": 253
  },
  {
    "name": "flash/text/TextLineMetrics",
    "defs": [
      "flash.text:TextLineMetrics"
    ],
    "offset": 161740,
    "length": 300
  },
  {
    "name": "flash/text/TextRenderer",
    "defs": [
      "flash.text:TextRenderer"
    ],
    "offset": 162040,
    "length": 373
  },
  {
    "name": "flash/text/TextRun",
    "defs": [
      "flash.text:TextRun"
    ],
    "offset": 162413,
    "length": 294
  },
  {
    "name": "flash/text/TextSnapshot",
    "defs": [
      "flash.text:TextSnapshot"
    ],
    "offset": 162707,
    "length": 513
  },
  {
    "name": "flash/text/engine/BreakOpportunity",
    "defs": [
      "flash.text.engine:BreakOpportunity"
    ],
    "offset": 163220,
    "length": 293
  },
  {
    "name": "flash/text/engine/CFFHinting",
    "defs": [
      "flash.text.engine:CFFHinting"
    ],
    "offset": 163513,
    "length": 256
  },
  {
    "name": "flash/text/engine/ContentElement",
    "defs": [
      "flash.text.engine:ContentElement"
    ],
    "offset": 163769,
    "length": 624
  },
  {
    "name": "flash/text/engine/DigitCase",
    "defs": [
      "flash.text.engine:DigitCase"
    ],
    "offset": 164393,
    "length": 277
  },
  {
    "name": "flash/text/engine/DigitWidth",
    "defs": [
      "flash.text.engine:DigitWidth"
    ],
    "offset": 164670,
    "length": 288
  },
  {
    "name": "flash/text/engine/EastAsianJustifier",
    "defs": [
      "flash.text.engine:EastAsianJustifier"
    ],
    "offset": 164958,
    "length": 495
  },
  {
    "name": "flash/text/engine/ElementFormat",
    "defs": [
      "flash.text.engine:ElementFormat"
    ],
    "offset": 165453,
    "length": 1204
  },
  {
    "name": "flash/text/engine/FontDescription",
    "defs": [
      "flash.text.engine:FontDescription"
    ],
    "offset": 166657,
    "length": 672
  },
  {
    "name": "flash/text/engine/FontLookup",
    "defs": [
      "flash.text.engine:FontLookup"
    ],
    "offset": 167329,
    "length": 254
  },
  {
    "name": "flash/text/engine/FontMetrics",
    "defs": [
      "flash.text.engine:FontMetrics"
    ],
    "offset": 167583,
    "length": 512
  },
  {
    "name": "flash/text/engine/FontPosture",
    "defs": [
      "flash.text.engine:FontPosture"
    ],
    "offset": 168095,
    "length": 245
  },
  {
    "name": "flash/text/engine/FontWeight",
    "defs": [
      "flash.text.engine:FontWeight"
    ],
    "offset": 168340,
    "length": 239
  },
  {
    "name": "flash/text/engine/GraphicElement",
    "defs": [
      "flash.text.engine:GraphicElement"
    ],
    "offset": 168579,
    "length": 497
  },
  {
    "name": "flash/text/engine/GroupElement",
    "defs": [
      "flash.text.engine:GroupElement"
    ],
    "offset": 169076,
    "length": 714
  },
  {
    "name": "flash/text/engine/JustificationStyle",
    "defs": [
      "flash.text.engine:JustificationStyle"
    ],
    "offset": 169790,
    "length": 356
  },
  {
    "name": "flash/text/engine/Kerning",
    "defs": [
      "flash.text.engine:Kerning"
    ],
    "offset": 170146,
    "length": 248
  },
  {
    "name": "flash/text/engine/LigatureLevel",
    "defs": [
      "flash.text.engine:LigatureLevel"
    ],
    "offset": 170394,
    "length": 338
  },
  {
    "name": "flash/text/engine/LineJustification",
    "defs": [
      "flash.text.engine:LineJustification"
    ],
    "offset": 170732,
    "length": 388
  },
  {
    "name": "flash/text/engine/RenderingMode",
    "defs": [
      "flash.text.engine:RenderingMode"
    ],
    "offset": 171120,
    "length": 243
  },
  {
    "name": "flash/text/engine/SpaceJustifier",
    "defs": [
      "flash.text.engine:SpaceJustifier"
    ],
    "offset": 171363,
    "length": 527
  },
  {
    "name": "flash/text/engine/TabAlignment",
    "defs": [
      "flash.text.engine:TabAlignment"
    ],
    "offset": 171890,
    "length": 299
  },
  {
    "name": "flash/text/engine/TabStop",
    "defs": [
      "flash.text.engine:TabStop"
    ],
    "offset": 172189,
    "length": 357
  },
  {
    "name": "flash/text/engine/TextBaseline",
    "defs": [
      "flash.text.engine:TextBaseline"
    ],
    "offset": 172546,
    "length": 483
  },
  {
    "name": "flash/text/engine/TextBlock",
    "defs": [
      "flash.text.engine:TextBlock"
    ],
    "offset": 173029,
    "length": 2184
  },
  {
    "name": "flash/text/engine/TextElement",
    "defs": [
      "flash.text.engine:TextElement"
    ],
    "offset": 175213,
    "length": 383
  },
  {
    "name": "flash/text/engine/TextJustifier",
    "defs": [
      "flash.text.engine:TextJustifier"
    ],
    "offset": 175596,
    "length": 774
  },
  {
    "name": "flash/text/engine/TextLine",
    "defs": [
      "flash.text.engine:TextLine"
    ],
    "offset": 176370,
    "length": 2027
  },
  {
    "name": "flash/text/engine/TextLineCreationResult",
    "defs": [
      "flash.text.engine:TextLineCreationResult"
    ],
    "offset": 178397,
    "length": 360
  },
  {
    "name": "flash/text/engine/TextLineMirrorRegion",
    "defs": [
      "flash.text.engine:TextLineMirrorRegion"
    ],
    "offset": 178757,
    "length": 451
  },
  {
    "name": "flash/text/engine/TextLineValidity",
    "defs": [
      "flash.text.engine:TextLineValidity"
    ],
    "offset": 179208,
    "length": 332
  },
  {
    "name": "flash/text/engine/TextRotation",
    "defs": [
      "flash.text.engine:TextRotation"
    ],
    "offset": 179540,
    "length": 352
  },
  {
    "name": "flash/text/engine/TypographicCase",
    "defs": [
      "flash.text.engine:TypographicCase"
    ],
    "offset": 179892,
    "length": 436
  },
  {
    "name": "flash/text/ime/CompositionAttributeRange",
    "defs": [
      "flash.text.ime:CompositionAttributeRange"
    ],
    "offset": 180328,
    "length": 315
  },
  {
    "name": "flash/text/ime/IIMEClient",
    "defs": [
      "flash.text.ime:IIMEClient"
    ],
    "offset": 180643,
    "length": 525
  },
  {
    "name": "flash/net/FlashNetScript",
    "defs": [
      "flash.net:navigateToURL",
      "flash.net:sendToURL",
      "flash.net:registerClassAlias",
      "flash.net:getClassByAlias"
    ],
    "offset": 181168,
    "length": 343
  },
  {
    "name": "flash/utils/FlashUtilScript",
    "defs": [
      "flash.utils:describeType",
      "flash.utils:getAliasName",
      "flash.utils:getQualifiedClassName",
      "flash.utils:getDefinitionByName",
      "flash.utils:getQualifiedSuperclassName",
      "flash.utils:getTimer",
      "flash.utils:escapeMultiByte",
      "flash.utils:unescapeMultiByte"
    ],
    "offset": 181511,
    "length": 545
  },
  {
    "name": "flash/utils/Endian",
    "defs": [
      "flash.utils:Endian"
    ],
    "offset": 182056,
    "length": 243
  },
  {
    "name": "flash/utils/IExternalizable",
    "defs": [
      "flash.utils:IExternalizable"
    ],
    "offset": 182299,
    "length": 223
  },
  {
    "name": "flash/utils/Timer",
    "defs": [
      "flash.utils:Timer"
    ],
    "offset": 182522,
    "length": 400
  },
  {
    "name": "flash/utils/SetIntervalTimer",
    "defs": [
      "flash.utils:SetIntervalTimer",
      "flash.utils:setInterval",
      "flash.utils:setTimeout",
      "flash.utils:clearInterval",
      "flash.utils:clearTimeout"
    ],
    "offset": 182922,
    "length": 995
  }
]