{"frames": {

"achievement_first":
{
	"frame": {"x":3745,"y":3006,"w":65,"h":65},
	"rotated": false,
	"trimmed": false,
	"spriteSourceSize": {"x":0,"y":0,"w":65,"h":65},
	"sourceSize": {"w":65,"h":65}
},
"anchor":
{
	"frame": {"x":3105,"y":2951,"w":112,"h":126},
	"rotated": false,
	"trimmed": false,
	"spriteSourceSize": {"x":0,"y":0,"w":112,"h":126},
	"sourceSize": {"w":112,"h":126}
},
"anchor_rope":
{
	"frame": {"x":4053,"y":511,"w":18,"h":66},
	"rotated": false,
	"trimmed": false,
	"spriteSourceSize": {"x":0,"y":0,"w":18,"h":66},
	"sourceSize": {"w":18,"h":66}
},
"attachment_anchor":
{
	"frame": {"x":3745,"y":3077,"w":65,"h":65},
	"rotated": false,
	"trimmed": false,
	"spriteSourceSize": {"x":0,"y":0,"w":65,"h":65},
	"sourceSize": {"w":65,"h":65}
},
"attachment_balloons":
{
	"frame": {"x":3743,"y":3148,"w":65,"h":65},
	"rotated": false,
	"trimmed": false,
	"spriteSourceSize": {"x":0,"y":0,"w":65,"h":65},
	"sourceSize": {"w":65,"h":65}
},
"avantgarde_lt_medium_dark_26":
{
	"frame": {"x":5,"y":60,"w":1330,"h":30},
	"rotated": false,
	"trimmed": false,
	"spriteSourceSize": {"x":0,"y":0,"w":1330,"h":30},
	"sourceSize": {"w":1330,"h":30}
},
"avantgarde_lt_medium_light_26":
{
	"frame": {"x":5,"y":96,"w":1330,"h":30},
	"rotated": false,
	"trimmed": false,
	"spriteSourceSize": {"x":0,"y":0,"w":1330,"h":30},
	"sourceSize": {"w":1330,"h":30}
},
"background_sea":
{
	"frame": {"x":2185,"y":414,"w":942,"h":570},
	"rotated": false,
	"trimmed": false,
	"spriteSourceSize": {"x":0,"y":0,"w":942,"h":570},
	"sourceSize": {"w":942,"h":570}
},
"background_sky":
{
	"frame": {"x":1341,"y":60,"w":838,"h":642},
	"rotated": false,
	"trimmed": false,
	"spriteSourceSize": {"x":0,"y":0,"w":838,"h":642},
	"sourceSize": {"w":838,"h":642}
},
"background_waves_1":
{
	"frame": {"x":5,"y":672,"w":1019,"h":48},
	"rotated": false,
	"trimmed": false,
	"spriteSourceSize": {"x":0,"y":0,"w":1019,"h":48},
	"sourceSize": {"w":1019,"h":48}
},
"background_waves_2":
{
	"frame": {"x":5,"y":764,"w":986,"h":53},
	"rotated": false,
	"trimmed": false,
	"spriteSourceSize": {"x":0,"y":0,"w":986,"h":53},
	"sourceSize": {"w":986,"h":53}
},
"background_waves_3":
{
	"frame": {"x":2185,"y":332,"w":964,"h":33},
	"rotated": false,
	"trimmed": false,
	"spriteSourceSize": {"x":0,"y":0,"w":964,"h":33},
	"sourceSize": {"w":964,"h":33}
},
"background_waves_4":
{
	"frame": {"x":3142,"y":1255,"w":707,"h":35},
	"rotated": false,
	"trimmed": false,
	"spriteSourceSize": {"x":0,"y":0,"w":707,"h":35},
	"sourceSize": {"w":707,"h":35}
},
"background_waves_5":
{
	"frame": {"x":3149,"y":545,"w":862,"h":26},
	"rotated": false,
	"trimmed": false,
	"spriteSourceSize": {"x":0,"y":0,"w":862,"h":26},
	"sourceSize": {"w":862,"h":26}
},
"background_waves_6":
{
	"frame": {"x":2185,"y":371,"w":945,"h":37},
	"rotated": false,
	"trimmed": false,
	"spriteSourceSize": {"x":0,"y":0,"w":945,"h":37},
	"sourceSize": {"w":945,"h":37}
},
"background_waves_7":
{
	"frame": {"x":3152,"y":443,"w":930,"h":28},
	"rotated": false,
	"trimmed": false,
	"spriteSourceSize": {"x":0,"y":0,"w":930,"h":28},
	"sourceSize": {"w":930,"h":28}
},
"background_waves_8":
{
	"frame": {"x":3155,"y":353,"w":933,"h":27},
	"rotated": false,
	"trimmed": false,
	"spriteSourceSize": {"x":0,"y":0,"w":933,"h":27},
	"sourceSize": {"w":933,"h":27}
},
"background_waves_9":
{
	"frame": {"x":3142,"y":1229,"w":778,"h":20},
	"rotated": false,
	"trimmed": false,
	"spriteSourceSize": {"x":0,"y":0,"w":778,"h":20},
	"sourceSize": {"w":778,"h":20}
},
"background_waves_10":
{
	"frame": {"x":3152,"y":477,"w":925,"h":28},
	"rotated": false,
	"trimmed": false,
	"spriteSourceSize": {"x":0,"y":0,"w":925,"h":28},
	"sourceSize": {"w":925,"h":28}
},
"background_waves_11":
{
	"frame": {"x":3149,"y":511,"w":898,"h":28},
	"rotated": false,
	"trimmed": false,
	"spriteSourceSize": {"x":0,"y":0,"w":898,"h":28},
	"sourceSize": {"w":898,"h":28}
},
"background_waves_12":
{
	"frame": {"x":3155,"y":406,"w":932,"h":31},
	"rotated": false,
	"trimmed": false,
	"spriteSourceSize": {"x":0,"y":0,"w":932,"h":31},
	"sourceSize": {"w":932,"h":31}
},
"background_waves_13":
{
	"frame": {"x":3155,"y":386,"w":933,"h":14},
	"rotated": false,
	"trimmed": false,
	"spriteSourceSize": {"x":0,"y":0,"w":933,"h":14},
	"sourceSize": {"w":933,"h":14}
},
"balloon_green":
{
	"frame": {"x":2605,"y":3511,"w":70,"h":108},
	"rotated": false,
	"trimmed": false,
	"spriteSourceSize": {"x":0,"y":0,"w":70,"h":108},
	"sourceSize": {"w":70,"h":108}
},
"balloon_line":
{
	"frame": {"x":3133,"y":564,"w":4,"h":232},
	"rotated": false,
	"trimmed": false,
	"spriteSourceSize": {"x":0,"y":0,"w":4,"h":232},
	"sourceSize": {"w":4,"h":232}
},
"balloon_orange":
{
	"frame": {"x":2681,"y":3511,"w":70,"h":108},
	"rotated": false,
	"trimmed": false,
	"spriteSourceSize": {"x":0,"y":0,"w":70,"h":108},
	"sourceSize": {"w":70,"h":108}
},
"balloon_red":
{
	"frame": {"x":3468,"y":3198,"w":70,"h":108},
	"rotated": false,
	"trimmed": false,
	"spriteSourceSize": {"x":0,"y":0,"w":70,"h":108},
	"sourceSize": {"w":70,"h":108}
},
"banana":
{
	"frame": {"x":3658,"y":3402,"w":42,"h":43},
	"rotated": false,
	"trimmed": false,
	"spriteSourceSize": {"x":0,"y":0,"w":42,"h":43},
	"sourceSize": {"w":42,"h":43}
},
"banana_tree1":
{
	"frame": {"x":3928,"y":1065,"w":163,"h":212},
	"rotated": false,
	"trimmed": false,
	"spriteSourceSize": {"x":0,"y":0,"w":163,"h":212},
	"sourceSize": {"w":163,"h":212}
},
"banana_tree2":
{
	"frame": {"x":2957,"y":1699,"w":174,"h":192},
	"rotated": false,
	"trimmed": false,
	"spriteSourceSize": {"x":0,"y":0,"w":174,"h":192},
	"sourceSize": {"w":174,"h":192}
},
"banana_tree3":
{
	"frame": {"x":2727,"y":1866,"w":220,"h":208},
	"rotated": false,
	"trimmed": false,
	"spriteSourceSize": {"x":0,"y":0,"w":220,"h":208},
	"sourceSize": {"w":220,"h":208}
},
"banana_tree4":
{
	"frame": {"x":2981,"y":990,"w":156,"h":140},
	"rotated": false,
	"trimmed": false,
	"spriteSourceSize": {"x":0,"y":0,"w":156,"h":140},
	"sourceSize": {"w":156,"h":140}
},
"bar":
{
	"frame": {"x":995,"y":2872,"w":270,"h":265},
	"rotated": false,
	"trimmed": false,
	"spriteSourceSize": {"x":0,"y":0,"w":270,"h":265},
	"sourceSize": {"w":270,"h":265}
},
"bar_chair1":
{
	"frame": {"x":3817,"y":1430,"w":49,"h":77},
	"rotated": false,
	"trimmed": false,
	"spriteSourceSize": {"x":0,"y":0,"w":49,"h":77},
	"sourceSize": {"w":49,"h":77}
},
"bar_chair2":
{
	"frame": {"x":3872,"y":1430,"w":49,"h":77},
	"rotated": false,
	"trimmed": false,
	"spriteSourceSize": {"x":0,"y":0,"w":49,"h":77},
	"sourceSize": {"w":49,"h":77}
},
"bar_chair3":
{
	"frame": {"x":3467,"y":3361,"w":49,"h":77},
	"rotated": false,
	"trimmed": false,
	"spriteSourceSize": {"x":0,"y":0,"w":49,"h":77},
	"sourceSize": {"w":49,"h":77}
},
"bar_full":
{
	"frame": {"x":3817,"y":1830,"w":270,"h":268},
	"rotated": false,
	"trimmed": false,
	"spriteSourceSize": {"x":0,"y":0,"w":270,"h":268},
	"sourceSize": {"w":270,"h":268}
},
"barrel":
{
	"frame": {"x":2908,"y":2866,"w":72,"h":85},
	"rotated": false,
	"trimmed": false,
	"spriteSourceSize": {"x":0,"y":0,"w":72,"h":85},
	"sourceSize": {"w":72,"h":85}
},
"barrel_full":
{
	"frame": {"x":2605,"y":3341,"w":86,"h":126},
	"rotated": false,
	"trimmed": false,
	"spriteSourceSize": {"x":0,"y":0,"w":86,"h":126},
	"sourceSize": {"w":86,"h":126}
},
"barrel_piece1":
{
	"frame": {"x":967,"y":1809,"w":25,"h":71},
	"rotated": false,
	"trimmed": false,
	"spriteSourceSize": {"x":0,"y":0,"w":25,"h":71},
	"sourceSize": {"w":25,"h":71}
},
"barrel_piece2":
{
	"frame": {"x":643,"y":895,"w":14,"h":85},
	"rotated": false,
	"trimmed": false,
	"spriteSourceSize": {"x":0,"y":0,"w":14,"h":85},
	"sourceSize": {"w":14,"h":85}
},
"barrel_piece3":
{
	"frame": {"x":1250,"y":303,"w":21,"h":85},
	"rotated": false,
	"trimmed": false,
	"spriteSourceSize": {"x":0,"y":0,"w":21,"h":85},
	"sourceSize": {"w":21,"h":85}
},
"barrel_piece4":
{
	"frame": {"x":4017,"y":545,"w":30,"h":85},
	"rotated": false,
	"trimmed": false,
	"spriteSourceSize": {"x":0,"y":0,"w":30,"h":85},
	"sourceSize": {"w":30,"h":85}
},
"bell_gothic_std_black_dark_26":
{
	"frame": {"x":5,"y":132,"w":1291,"h":29},
	"rotated": false,
	"trimmed": false,
	"spriteSourceSize": {"x":0,"y":0,"w":1291,"h":29},
	"sourceSize": {"w":1291,"h":29}
},
"bell_gothic_std_black_light_26":
{
	"frame": {"x":5,"y":167,"w":1291,"h":29},
	"rotated": false,
	"trimmed": false,
	"spriteSourceSize": {"x":0,"y":0,"w":1291,"h":29},
	"sourceSize": {"w":1291,"h":29}
},
"bell_gothic_std_black_very_light_26":
{
	"frame": {"x":5,"y":202,"w":1291,"h":29},
	"rotated": false,
	"trimmed": false,
	"spriteSourceSize": {"x":0,"y":0,"w":1291,"h":29},
	"sourceSize": {"w":1291,"h":29}
},
"bell_gothic_std_bold_dark_26":
{
	"frame": {"x":5,"y":273,"w":1239,"h":29},
	"rotated": false,
	"trimmed": false,
	"spriteSourceSize": {"x":0,"y":0,"w":1239,"h":29},
	"sourceSize": {"w":1239,"h":29}
},
"bell_gothic_std_bold_light_26":
{
	"frame": {"x":5,"y":308,"w":1239,"h":29},
	"rotated": false,
	"trimmed": false,
	"spriteSourceSize": {"x":0,"y":0,"w":1239,"h":29},
	"sourceSize": {"w":1239,"h":29}
},
"big_green_island":
{
	"frame": {"x":3626,"y":2633,"w":350,"h":99},
	"rotated": false,
	"trimmed": false,
	"spriteSourceSize": {"x":0,"y":0,"w":350,"h":99},
	"sourceSize": {"w":350,"h":99}
},
"big_green_island_scale_3":
{
	"frame": {"x":5,"y":375,"w":1042,"h":291},
	"rotated": false,
	"trimmed": false,
	"spriteSourceSize": {"x":0,"y":0,"w":1042,"h":291},
	"sourceSize": {"w":1042,"h":291}
},
"big_sand_island":
{
	"frame": {"x":995,"y":2394,"w":281,"h":110},
	"rotated": false,
	"trimmed": false,
	"spriteSourceSize": {"x":0,"y":0,"w":281,"h":110},
	"sourceSize": {"w":281,"h":110}
},
"big_sand_island_scale_3":
{
	"frame": {"x":1341,"y":708,"w":836,"h":321},
	"rotated": false,
	"trimmed": false,
	"spriteSourceSize": {"x":0,"y":0,"w":836,"h":321},
	"sourceSize": {"w":836,"h":321}
},
"big_ship":
{
	"frame": {"x":3421,"y":2679,"w":195,"h":77},
	"rotated": false,
	"trimmed": false,
	"spriteSourceSize": {"x":0,"y":0,"w":195,"h":77},
	"sourceSize": {"w":195,"h":77}
},
"big_ship_scale_3":
{
	"frame": {"x":5,"y":1636,"w":568,"h":215},
	"rotated": false,
	"trimmed": false,
	"spriteSourceSize": {"x":0,"y":0,"w":568,"h":215},
	"sourceSize": {"w":568,"h":215}
},
"big_volcano":
{
	"frame": {"x":2258,"y":3324,"w":341,"h":295},
	"rotated": false,
	"trimmed": false,
	"spriteSourceSize": {"x":0,"y":0,"w":341,"h":295},
	"sourceSize": {"w":341,"h":295}
},
"big_volcano_scale_2":
{
	"frame": {"x":3142,"y":1296,"w":669,"h":576},
	"rotated": false,
	"trimmed": false,
	"spriteSourceSize": {"x":0,"y":0,"w":669,"h":576},
	"sourceSize": {"w":669,"h":576}
},
"booster":
{
	"frame": {"x":2605,"y":3473,"w":73,"h":32},
	"rotated": false,
	"trimmed": false,
	"spriteSourceSize": {"x":0,"y":0,"w":73,"h":32},
	"sourceSize": {"w":73,"h":32}
},
"booster_0001":
{
	"frame": {"x":2605,"y":3473,"w":73,"h":32},
	"rotated": false,
	"trimmed": false,
	"spriteSourceSize": {"x":0,"y":0,"w":73,"h":32},
	"sourceSize": {"w":73,"h":32}
},
"booster_0002":
{
	"frame": {"x":3301,"y":2688,"w":73,"h":32},
	"rotated": false,
	"trimmed": false,
	"spriteSourceSize": {"x":0,"y":0,"w":73,"h":32},
	"sourceSize": {"w":73,"h":32}
},
"booster_0003":
{
	"frame": {"x":3468,"y":3160,"w":73,"h":32},
	"rotated": false,
	"trimmed": false,
	"spriteSourceSize": {"x":0,"y":0,"w":73,"h":32},
	"sourceSize": {"w":73,"h":32}
},
"bot_jump_pick":
{
	"frame": {"x":4050,"y":3245,"w":41,"h":41},
	"rotated": false,
	"trimmed": false,
	"spriteSourceSize": {"x":0,"y":0,"w":41,"h":41},
	"sourceSize": {"w":41,"h":41}
},
"box":
{
	"frame": {"x":3243,"y":3231,"w":79,"h":79},
	"rotated": false,
	"trimmed": false,
	"spriteSourceSize": {"x":0,"y":0,"w":79,"h":79},
	"sourceSize": {"w":79,"h":79}
},
"box_piece1":
{
	"frame": {"x":3224,"y":332,"w":64,"h":11},
	"rotated": false,
	"trimmed": false,
	"spriteSourceSize": {"x":0,"y":0,"w":64,"h":11},
	"sourceSize": {"w":64,"h":11}
},
"box_piece2":
{
	"frame": {"x":3400,"y":332,"w":68,"h":10},
	"rotated": false,
	"trimmed": false,
	"spriteSourceSize": {"x":0,"y":0,"w":68,"h":10},
	"sourceSize": {"w":68,"h":10}
},
"box_piece3":
{
	"frame": {"x":3136,"y":371,"w":13,"h":30},
	"rotated": false,
	"trimmed": false,
	"spriteSourceSize": {"x":0,"y":0,"w":13,"h":30},
	"sourceSize": {"w":13,"h":30}
},
"button_garage":
{
	"frame": {"x":2699,"y":2730,"w":130,"h":130},
	"rotated": false,
	"trimmed": false,
	"spriteSourceSize": {"x":0,"y":0,"w":130,"h":130},
	"sourceSize": {"w":130,"h":130}
},
"button_main_menu":
{
	"frame": {"x":2835,"y":2730,"w":130,"h":130},
	"rotated": false,
	"trimmed": false,
	"spriteSourceSize": {"x":0,"y":0,"w":130,"h":130},
	"sourceSize": {"w":130,"h":130}
},
"button_music_off":
{
	"frame": {"x":2833,"y":2958,"w":130,"h":130},
	"rotated": false,
	"trimmed": false,
	"spriteSourceSize": {"x":0,"y":0,"w":130,"h":130},
	"sourceSize": {"w":130,"h":130}
},
"button_music_on":
{
	"frame": {"x":2971,"y":2728,"w":130,"h":130},
	"rotated": false,
	"trimmed": false,
	"spriteSourceSize": {"x":0,"y":0,"w":130,"h":130},
	"sourceSize": {"w":130,"h":130}
},
"button_pause":
{
	"frame": {"x":3239,"y":2584,"w":98,"h":98},
	"rotated": false,
	"trimmed": false,
	"spriteSourceSize": {"x":0,"y":0,"w":98,"h":98},
	"sourceSize": {"w":98,"h":98}
},
"button_play":
{
	"frame": {"x":2259,"y":3959,"w":131,"h":131},
	"rotated": false,
	"trimmed": false,
	"spriteSourceSize": {"x":0,"y":0,"w":131,"h":131},
	"sourceSize": {"w":131,"h":131}
},
"button_play_normal":
{
	"frame": {"x":1638,"y":3143,"w":174,"h":182},
	"rotated": false,
	"trimmed": false,
	"spriteSourceSize": {"x":0,"y":0,"w":174,"h":182},
	"sourceSize": {"w":174,"h":182}
},
"button_play_pressed":
{
	"frame": {"x":1818,"y":3140,"w":174,"h":182},
	"rotated": false,
	"trimmed": false,
	"spriteSourceSize": {"x":0,"y":0,"w":174,"h":182},
	"sourceSize": {"w":174,"h":182}
},
"button_restart":
{
	"frame": {"x":2396,"y":3959,"w":131,"h":131},
	"rotated": false,
	"trimmed": false,
	"spriteSourceSize": {"x":0,"y":0,"w":131,"h":131},
	"sourceSize": {"w":131,"h":131}
},
"button_sounds_off":
{
	"frame": {"x":2969,"y":2957,"w":130,"h":130},
	"rotated": false,
	"trimmed": false,
	"spriteSourceSize": {"x":0,"y":0,"w":130,"h":130},
	"sourceSize": {"w":130,"h":130}
},
"button_sounds_on":
{
	"frame": {"x":3107,"y":2726,"w":130,"h":130},
	"rotated": false,
	"trimmed": false,
	"spriteSourceSize": {"x":0,"y":0,"w":130,"h":130},
	"sourceSize": {"w":130,"h":130}
},
"car_bug_body":
{
	"frame": {"x":3585,"y":2857,"w":260,"h":97},
	"rotated": false,
	"trimmed": false,
	"spriteSourceSize": {"x":0,"y":0,"w":260,"h":97},
	"sourceSize": {"w":260,"h":97}
},
"car_bug_body_background":
{
	"frame": {"x":1929,"y":1497,"w":225,"h":34},
	"rotated": false,
	"trimmed": false,
	"spriteSourceSize": {"x":0,"y":0,"w":225,"h":34},
	"sourceSize": {"w":225,"h":34}
},
"car_bug_cat_in_a_box":
{
	"frame": {"x":3544,"y":3358,"w":51,"h":41},
	"rotated": false,
	"trimmed": false,
	"spriteSourceSize": {"x":0,"y":0,"w":51,"h":41},
	"sourceSize": {"w":51,"h":41}
},
"car_bug_full":
{
	"frame": {"x":2028,"y":2971,"w":260,"h":145},
	"rotated": false,
	"trimmed": false,
	"spriteSourceSize": {"x":0,"y":0,"w":260,"h":145},
	"sourceSize": {"w":260,"h":145}
},
"car_bug_locked":
{
	"frame": {"x":2294,"y":2970,"w":259,"h":145},
	"rotated": false,
	"trimmed": false,
	"spriteSourceSize": {"x":0,"y":0,"w":259,"h":145},
	"sourceSize": {"w":259,"h":145}
},
"car_bug_wheel":
{
	"frame": {"x":2851,"y":2174,"w":44,"h":44},
	"rotated": false,
	"trimmed": false,
	"spriteSourceSize": {"x":0,"y":0,"w":44,"h":44},
	"sourceSize": {"w":44,"h":44}
},
"car_bus_body":
{
	"frame": {"x":3355,"y":2396,"w":265,"h":121},
	"rotated": false,
	"trimmed": false,
	"spriteSourceSize": {"x":0,"y":0,"w":265,"h":121},
	"sourceSize": {"w":265,"h":121}
},
"car_bus_body_background":
{
	"frame": {"x":1085,"y":3596,"w":212,"h":28},
	"rotated": false,
	"trimmed": false,
	"spriteSourceSize": {"x":0,"y":0,"w":212,"h":28},
	"sourceSize": {"w":212,"h":28}
},
"car_bus_body_top":
{
	"frame": {"x":1496,"y":3596,"w":123,"h":27},
	"rotated": false,
	"trimmed": false,
	"spriteSourceSize": {"x":0,"y":0,"w":123,"h":27},
	"sourceSize": {"w":123,"h":27}
},
"car_bus_full":
{
	"frame": {"x":987,"y":3143,"w":265,"h":210},
	"rotated": false,
	"trimmed": false,
	"spriteSourceSize": {"x":0,"y":0,"w":265,"h":210},
	"sourceSize": {"w":265,"h":210}
},
"car_bus_wheel":
{
	"frame": {"x":1217,"y":457,"w":52,"h":52},
	"rotated": false,
	"trimmed": false,
	"spriteSourceSize": {"x":0,"y":0,"w":52,"h":52},
	"sourceSize": {"w":52,"h":52}
},
"car_cow_body":
{
	"frame": {"x":995,"y":2281,"w":288,"h":107},
	"rotated": false,
	"trimmed": false,
	"spriteSourceSize": {"x":0,"y":0,"w":288,"h":107},
	"sourceSize": {"w":288,"h":107}
},
"car_cow_body_background":
{
	"frame": {"x":3094,"y":2396,"w":253,"h":40},
	"rotated": false,
	"trimmed": false,
	"spriteSourceSize": {"x":0,"y":0,"w":253,"h":40},
	"sourceSize": {"w":253,"h":40}
},
"car_cow_full":
{
	"frame": {"x":995,"y":2153,"w":288,"h":122},
	"rotated": false,
	"trimmed": false,
	"spriteSourceSize": {"x":0,"y":0,"w":288,"h":122},
	"sourceSize": {"w":288,"h":122}
},
"car_cow_wheel":
{
	"frame": {"x":3778,"y":3338,"w":46,"h":46},
	"rotated": false,
	"trimmed": false,
	"spriteSourceSize": {"x":0,"y":0,"w":46,"h":46},
	"sourceSize": {"w":46,"h":46}
},
"car_coyote_body":
{
	"frame": {"x":1861,"y":1724,"w":296,"h":92},
	"rotated": false,
	"trimmed": false,
	"spriteSourceSize": {"x":0,"y":0,"w":296,"h":92},
	"sourceSize": {"w":296,"h":92}
},
"car_coyote_body_background":
{
	"frame": {"x":2727,"y":1421,"w":247,"h":49},
	"rotated": false,
	"trimmed": false,
	"spriteSourceSize": {"x":0,"y":0,"w":247,"h":49},
	"sourceSize": {"w":247,"h":49}
},
"car_coyote_full":
{
	"frame": {"x":1030,"y":1111,"w":296,"h":104},
	"rotated": false,
	"trimmed": false,
	"spriteSourceSize": {"x":0,"y":0,"w":296,"h":104},
	"sourceSize": {"w":296,"h":104}
},
"car_coyote_wheel":
{
	"frame": {"x":2901,"y":2174,"w":44,"h":44},
	"rotated": false,
	"trimmed": false,
	"spriteSourceSize": {"x":0,"y":0,"w":44,"h":44},
	"sourceSize": {"w":44,"h":44}
},
"car_farm_truck_background":
{
	"frame": {"x":3552,"y":2960,"w":258,"h":40},
	"rotated": false,
	"trimmed": false,
	"spriteSourceSize": {"x":0,"y":0,"w":258,"h":40},
	"sourceSize": {"w":258,"h":40}
},
"car_farm_truck_body":
{
	"frame": {"x":1851,"y":1822,"w":310,"h":108},
	"rotated": false,
	"trimmed": false,
	"spriteSourceSize": {"x":0,"y":0,"w":310,"h":108},
	"sourceSize": {"w":310,"h":108}
},
"car_farm_truck_full":
{
	"frame": {"x":1005,"y":1536,"w":312,"h":134},
	"rotated": false,
	"trimmed": false,
	"spriteSourceSize": {"x":0,"y":0,"w":312,"h":134},
	"sourceSize": {"w":312,"h":134}
},
"car_farm_truck_wheel":
{
	"frame": {"x":3355,"y":3333,"w":50,"h":50},
	"rotated": false,
	"trimmed": false,
	"spriteSourceSize": {"x":0,"y":0,"w":50,"h":50},
	"sourceSize": {"w":50,"h":50}
},
"car_ice_cream_truck_body":
{
	"frame": {"x":995,"y":1995,"w":293,"h":152},
	"rotated": false,
	"trimmed": false,
	"spriteSourceSize": {"x":0,"y":0,"w":293,"h":152},
	"sourceSize": {"w":293,"h":152}
},
"car_ice_cream_truck_body_background":
{
	"frame": {"x":1929,"y":1469,"w":228,"h":22},
	"rotated": false,
	"trimmed": false,
	"spriteSourceSize": {"x":0,"y":0,"w":228,"h":22},
	"sourceSize": {"w":228,"h":22}
},
"car_ice_cream_truck_full":
{
	"frame": {"x":1851,"y":2121,"w":293,"h":168},
	"rotated": false,
	"trimmed": false,
	"spriteSourceSize": {"x":0,"y":0,"w":293,"h":168},
	"sourceSize": {"w":293,"h":168}
},
"car_ice_cream_truck_ice_cream":
{
	"frame": {"x":3817,"y":1296,"w":31,"h":30},
	"rotated": false,
	"trimmed": false,
	"spriteSourceSize": {"x":0,"y":0,"w":31,"h":30},
	"sourceSize": {"w":31,"h":30}
},
"car_ice_cream_truck_wheel":
{
	"frame": {"x":3495,"y":3312,"w":43,"h":43},
	"rotated": false,
	"trimmed": false,
	"spriteSourceSize": {"x":0,"y":0,"w":43,"h":43},
	"sourceSize": {"w":43,"h":43}
},
"car_name_tag":
{
	"frame": {"x":1934,"y":1240,"w":240,"h":35},
	"rotated": false,
	"trimmed": false,
	"spriteSourceSize": {"x":0,"y":0,"w":240,"h":35},
	"sourceSize": {"w":240,"h":35}
},
"car_rider_body":
{
	"frame": {"x":1851,"y":1936,"w":306,"h":81},
	"rotated": false,
	"trimmed": false,
	"spriteSourceSize": {"x":0,"y":0,"w":306,"h":81},
	"sourceSize": {"w":306,"h":81}
},
"car_rider_body_background":
{
	"frame": {"x":1934,"y":1193,"w":243,"h":41},
	"rotated": false,
	"trimmed": false,
	"spriteSourceSize": {"x":0,"y":0,"w":243,"h":41},
	"sourceSize": {"w":243,"h":41}
},
"car_rider_full":
{
	"frame": {"x":3784,"y":252,"w":306,"h":95},
	"rotated": false,
	"trimmed": false,
	"spriteSourceSize": {"x":0,"y":0,"w":306,"h":95},
	"sourceSize": {"w":306,"h":95}
},
"car_rider_locked":
{
	"frame": {"x":1030,"y":793,"w":305,"h":95},
	"rotated": false,
	"trimmed": false,
	"spriteSourceSize": {"x":0,"y":0,"w":305,"h":95},
	"sourceSize": {"w":305,"h":95}
},
"car_rider_wheel":
{
	"frame": {"x":3243,"y":3398,"w":47,"h":47},
	"rotated": false,
	"trimmed": false,
	"spriteSourceSize": {"x":0,"y":0,"w":47,"h":47},
	"sourceSize": {"w":47,"h":47}
},
"car_rudolf_body":
{
	"frame": {"x":995,"y":2780,"w":275,"h":86},
	"rotated": false,
	"trimmed": false,
	"spriteSourceSize": {"x":0,"y":0,"w":275,"h":86},
	"sourceSize": {"w":275,"h":86}
},
"car_rudolf_body_background":
{
	"frame": {"x":1051,"y":749,"w":231,"h":38},
	"rotated": false,
	"trimmed": false,
	"spriteSourceSize": {"x":0,"y":0,"w":231,"h":38},
	"sourceSize": {"w":231,"h":38}
},
"car_rudolf_full":
{
	"frame": {"x":995,"y":2673,"w":275,"h":101},
	"rotated": false,
	"trimmed": false,
	"spriteSourceSize": {"x":0,"y":0,"w":275,"h":101},
	"sourceSize": {"w":275,"h":101}
},
"car_rudolf_wheel":
{
	"frame": {"x":3706,"y":3406,"w":42,"h":42},
	"rotated": false,
	"trimmed": false,
	"spriteSourceSize": {"x":0,"y":0,"w":42,"h":42},
	"sourceSize": {"w":42,"h":42}
},
"car_semioval_body":
{
	"frame": {"x":2160,"y":2652,"w":266,"h":104},
	"rotated": false,
	"trimmed": false,
	"spriteSourceSize": {"x":0,"y":0,"w":266,"h":104},
	"sourceSize": {"w":266,"h":104}
},
"car_semioval_body_background":
{
	"frame": {"x":861,"y":3596,"w":218,"h":28},
	"rotated": false,
	"trimmed": false,
	"spriteSourceSize": {"x":0,"y":0,"w":218,"h":28},
	"sourceSize": {"w":218,"h":28}
},
"car_semioval_full":
{
	"frame": {"x":1985,"y":2505,"w":266,"h":141},
	"rotated": false,
	"trimmed": false,
	"spriteSourceSize": {"x":0,"y":0,"w":266,"h":141},
	"sourceSize": {"w":266,"h":141}
},
"car_semioval_locked":
{
	"frame": {"x":1271,"y":2997,"w":265,"h":140},
	"rotated": false,
	"trimmed": false,
	"spriteSourceSize": {"x":0,"y":0,"w":265,"h":140},
	"sourceSize": {"w":265,"h":140}
},
"car_semioval_wheel":
{
	"frame": {"x":2601,"y":2898,"w":59,"h":59},
	"rotated": false,
	"trimmed": false,
	"spriteSourceSize": {"x":0,"y":0,"w":59,"h":59},
	"sourceSize": {"w":59,"h":59}
},
"car_swordsman_body":
{
	"frame": {"x":2986,"y":2864,"w":354,"h":81},
	"rotated": false,
	"trimmed": false,
	"spriteSourceSize": {"x":0,"y":0,"w":354,"h":81},
	"sourceSize": {"w":354,"h":81}
},
"car_swordsman_body_background":
{
	"frame": {"x":1576,"y":3549,"w":249,"h":41},
	"rotated": false,
	"trimmed": false,
	"spriteSourceSize": {"x":0,"y":0,"w":249,"h":41},
	"sourceSize": {"w":249,"h":41}
},
"car_swordsman_full":
{
	"frame": {"x":3626,"y":2532,"w":354,"h":95},
	"rotated": false,
	"trimmed": false,
	"spriteSourceSize": {"x":0,"y":0,"w":354,"h":95},
	"sourceSize": {"w":354,"h":95}
},
"car_swordsman_wheel":
{
	"frame": {"x":3296,"y":3398,"w":47,"h":47},
	"rotated": false,
	"trimmed": false,
	"spriteSourceSize": {"x":0,"y":0,"w":47,"h":47},
	"sourceSize": {"w":47,"h":47}
},
"car_taxi_body":
{
	"frame": {"x":1851,"y":2023,"w":296,"h":92},
	"rotated": false,
	"trimmed": false,
	"spriteSourceSize": {"x":0,"y":0,"w":296,"h":92},
	"sourceSize": {"w":296,"h":92}
},
"car_taxi_body_background":
{
	"frame": {"x":698,"y":1906,"w":262,"h":36},
	"rotated": false,
	"trimmed": false,
	"spriteSourceSize": {"x":0,"y":0,"w":262,"h":36},
	"sourceSize": {"w":262,"h":36}
},
"car_taxi_full":
{
	"frame": {"x":1030,"y":995,"w":296,"h":110},
	"rotated": false,
	"trimmed": false,
	"spriteSourceSize": {"x":0,"y":0,"w":296,"h":110},
	"sourceSize": {"w":296,"h":110}
},
"car_taxi_wheel":
{
	"frame": {"x":3777,"y":3390,"w":44,"h":44},
	"rotated": false,
	"trimmed": false,
	"spriteSourceSize": {"x":0,"y":0,"w":44,"h":44},
	"sourceSize": {"w":44,"h":44}
},
"car_tourcycle_body":
{
	"frame": {"x":3355,"y":3050,"w":186,"h":104},
	"rotated": false,
	"trimmed": false,
	"spriteSourceSize": {"x":0,"y":0,"w":186,"h":104},
	"sourceSize": {"w":186,"h":104}
},
"car_tourcycle_full":
{
	"frame": {"x":3552,"y":3006,"w":187,"h":116},
	"rotated": false,
	"trimmed": false,
	"spriteSourceSize": {"x":0,"y":0,"w":187,"h":116},
	"sourceSize": {"w":187,"h":116}
},
"car_tourcycle_wheel":
{
	"frame": {"x":1302,"y":132,"w":33,"h":33},
	"rotated": false,
	"trimmed": false,
	"spriteSourceSize": {"x":0,"y":0,"w":33,"h":33},
	"sourceSize": {"w":33,"h":33}
},
"challenge_completed_text":
{
	"frame": {"x":1998,"y":3140,"w":485,"h":178},
	"rotated": false,
	"trimmed": false,
	"spriteSourceSize": {"x":0,"y":0,"w":485,"h":178},
	"sourceSize": {"w":485,"h":178}
},
"chicken":
{
	"frame": {"x":3466,"y":3444,"w":47,"h":50},
	"rotated": false,
	"trimmed": false,
	"spriteSourceSize": {"x":0,"y":0,"w":47,"h":50},
	"sourceSize": {"w":47,"h":50}
},
"chicken_0001":
{
	"frame": {"x":2699,"y":3831,"w":51,"h":46},
	"rotated": false,
	"trimmed": false,
	"spriteSourceSize": {"x":0,"y":0,"w":51,"h":46},
	"sourceSize": {"w":51,"h":46}
},
"chicken_0002":
{
	"frame": {"x":3411,"y":3360,"w":50,"h":47},
	"rotated": false,
	"trimmed": false,
	"spriteSourceSize": {"x":0,"y":0,"w":50,"h":47},
	"sourceSize": {"w":50,"h":47}
},
"chicken_0003":
{
	"frame": {"x":3411,"y":3413,"w":49,"h":46},
	"rotated": false,
	"trimmed": false,
	"spriteSourceSize": {"x":0,"y":0,"w":49,"h":46},
	"sourceSize": {"w":49,"h":46}
},
"chicken_0004":
{
	"frame": {"x":3409,"y":3465,"w":47,"h":48},
	"rotated": false,
	"trimmed": false,
	"spriteSourceSize": {"x":0,"y":0,"w":47,"h":48},
	"sourceSize": {"w":47,"h":48}
},
"chicken_0005":
{
	"frame": {"x":3897,"y":3315,"w":46,"h":50},
	"rotated": false,
	"trimmed": false,
	"spriteSourceSize": {"x":0,"y":0,"w":46,"h":50},
	"sourceSize": {"w":46,"h":50}
},
"chicken_0006":
{
	"frame": {"x":3726,"y":3294,"w":46,"h":51},
	"rotated": false,
	"trimmed": false,
	"spriteSourceSize": {"x":0,"y":0,"w":46,"h":51},
	"sourceSize": {"w":46,"h":51}
},
"chicken_0007":
{
	"frame": {"x":3845,"y":3337,"w":46,"h":50},
	"rotated": false,
	"trimmed": false,
	"spriteSourceSize": {"x":0,"y":0,"w":46,"h":50},
	"sourceSize": {"w":46,"h":50}
},
"chicken_0008":
{
	"frame": {"x":3845,"y":3280,"w":46,"h":51},
	"rotated": false,
	"trimmed": false,
	"spriteSourceSize": {"x":0,"y":0,"w":46,"h":51},
	"sourceSize": {"w":46,"h":51}
},
"chicken_0009":
{
	"frame": {"x":3726,"y":3351,"w":45,"h":49},
	"rotated": false,
	"trimmed": false,
	"spriteSourceSize": {"x":0,"y":0,"w":45,"h":49},
	"sourceSize": {"w":45,"h":49}
},
"chicken_0010":
{
	"frame": {"x":3522,"y":3405,"w":48,"h":47},
	"rotated": false,
	"trimmed": false,
	"spriteSourceSize": {"x":0,"y":0,"w":48,"h":47},
	"sourceSize": {"w":48,"h":47}
},
"chicken_0011":
{
	"frame": {"x":3355,"y":3389,"w":50,"h":47},
	"rotated": false,
	"trimmed": false,
	"spriteSourceSize": {"x":0,"y":0,"w":50,"h":47},
	"sourceSize": {"w":50,"h":47}
},
"chicken_0012":
{
	"frame": {"x":2699,"y":3831,"w":51,"h":46},
	"rotated": false,
	"trimmed": false,
	"spriteSourceSize": {"x":0,"y":0,"w":51,"h":46},
	"sourceSize": {"w":51,"h":46}
},
"clouds":
{
	"frame": {"x":1331,"y":1515,"w":546,"h":142},
	"rotated": false,
	"trimmed": false,
	"spriteSourceSize": {"x":0,"y":0,"w":546,"h":142},
	"sourceSize": {"w":546,"h":142}
},
"coconut":
{
	"frame": {"x":997,"y":764,"w":27,"h":26},
	"rotated": false,
	"trimmed": false,
	"spriteSourceSize": {"x":0,"y":0,"w":27,"h":26},
	"sourceSize": {"w":27,"h":26}
},
"coconuts":
{
	"frame": {"x":579,"y":1906,"w":62,"h":39},
	"rotated": false,
	"trimmed": false,
	"spriteSourceSize": {"x":0,"y":0,"w":62,"h":39},
	"sourceSize": {"w":62,"h":39}
},
"coin_pick":
{
	"frame": {"x":598,"y":1349,"w":39,"h":39},
	"rotated": false,
	"trimmed": false,
	"spriteSourceSize": {"x":0,"y":0,"w":39,"h":39},
	"sourceSize": {"w":39,"h":39}
},
"coin_pick_0001":
{
	"frame": {"x":2699,"y":3280,"w":57,"h":55},
	"rotated": false,
	"trimmed": false,
	"spriteSourceSize": {"x":0,"y":0,"w":57,"h":55},
	"sourceSize": {"w":57,"h":55}
},
"coin_pick_0002":
{
	"frame": {"x":2699,"y":3455,"w":52,"h":50},
	"rotated": false,
	"trimmed": false,
	"spriteSourceSize": {"x":0,"y":0,"w":52,"h":50},
	"sourceSize": {"w":52,"h":50}
},
"coin_pick_0003":
{
	"frame": {"x":3243,"y":3503,"w":47,"h":45},
	"rotated": false,
	"trimmed": false,
	"spriteSourceSize": {"x":0,"y":0,"w":47,"h":45},
	"sourceSize": {"w":47,"h":45}
},
"coin_pick_0004":
{
	"frame": {"x":3576,"y":3412,"w":42,"h":41},
	"rotated": false,
	"trimmed": false,
	"spriteSourceSize": {"x":0,"y":0,"w":42,"h":41},
	"sourceSize": {"w":42,"h":41}
},
"coin_pick_0005":
{
	"frame": {"x":3519,"y":3458,"w":42,"h":41},
	"rotated": false,
	"trimmed": false,
	"spriteSourceSize": {"x":0,"y":0,"w":42,"h":41},
	"sourceSize": {"w":42,"h":41}
},
"coin_pick_0006":
{
	"frame": {"x":3243,"y":3451,"w":47,"h":46},
	"rotated": false,
	"trimmed": false,
	"spriteSourceSize": {"x":0,"y":0,"w":47,"h":46},
	"sourceSize": {"w":47,"h":46}
},
"coin_pick_0007":
{
	"frame": {"x":2699,"y":3341,"w":53,"h":51},
	"rotated": false,
	"trimmed": false,
	"spriteSourceSize": {"x":0,"y":0,"w":53,"h":51},
	"sourceSize": {"w":53,"h":51}
},
"coin_pick_0008":
{
	"frame": {"x":1277,"y":329,"w":58,"h":56},
	"rotated": false,
	"trimmed": false,
	"spriteSourceSize": {"x":0,"y":0,"w":58,"h":56},
	"sourceSize": {"w":58,"h":56}
},
"color_bar_green":
{
	"frame": {"x":1759,"y":3596,"w":100,"h":25},
	"rotated": false,
	"trimmed": false,
	"spriteSourceSize": {"x":0,"y":0,"w":100,"h":25},
	"sourceSize": {"w":100,"h":25}
},
"color_bar_orange":
{
	"frame": {"x":2432,"y":2730,"w":100,"h":25},
	"rotated": false,
	"trimmed": false,
	"spriteSourceSize": {"x":0,"y":0,"w":100,"h":25},
	"sourceSize": {"w":100,"h":25}
},
"color_bar_red":
{
	"frame": {"x":2538,"y":2730,"w":100,"h":25},
	"rotated": false,
	"trimmed": false,
	"spriteSourceSize": {"x":0,"y":0,"w":100,"h":25},
	"sourceSize": {"w":100,"h":25}
},
"color_bar_yellow":
{
	"frame": {"x":2495,"y":2933,"w":100,"h":25},
	"rotated": false,
	"trimmed": false,
	"spriteSourceSize": {"x":0,"y":0,"w":100,"h":25},
	"sourceSize": {"w":100,"h":25}
},
"computer":
{
	"frame": {"x":4053,"y":603,"w":37,"h":39},
	"rotated": false,
	"trimmed": false,
	"spriteSourceSize": {"x":0,"y":0,"w":37,"h":39},
	"sourceSize": {"w":37,"h":39}
},
"consolas_24":
{
	"frame": {"x":5,"y":343,"w":1133,"h":26},
	"rotated": false,
	"trimmed": false,
	"spriteSourceSize": {"x":0,"y":0,"w":1133,"h":26},
	"sourceSize": {"w":1133,"h":26}
},
"crate":
{
	"frame": {"x":3355,"y":3292,"w":77,"h":35},
	"rotated": false,
	"trimmed": false,
	"spriteSourceSize": {"x":0,"y":0,"w":77,"h":35},
	"sourceSize": {"w":77,"h":35}
},
"crate_full":
{
	"frame": {"x":3494,"y":2635,"w":77,"h":38},
	"rotated": false,
	"trimmed": false,
	"spriteSourceSize": {"x":0,"y":0,"w":77,"h":38},
	"sourceSize": {"w":77,"h":38}
},
"crate_piece1":
{
	"frame": {"x":3474,"y":332,"w":50,"h":8},
	"rotated": false,
	"trimmed": false,
	"spriteSourceSize": {"x":0,"y":0,"w":50,"h":8},
	"sourceSize": {"w":50,"h":8}
},
"crate_piece2":
{
	"frame": {"x":3530,"y":332,"w":35,"h":8},
	"rotated": false,
	"trimmed": false,
	"spriteSourceSize": {"x":0,"y":0,"w":35,"h":8},
	"sourceSize": {"w":35,"h":8}
},
"current_position_0001":
{
	"frame": {"x":2699,"y":3681,"w":51,"h":69},
	"rotated": false,
	"trimmed": false,
	"spriteSourceSize": {"x":0,"y":0,"w":51,"h":69},
	"sourceSize": {"w":51,"h":69}
},
"current_position_0002":
{
	"frame": {"x":2699,"y":3756,"w":51,"h":69},
	"rotated": false,
	"trimmed": false,
	"spriteSourceSize": {"x":0,"y":0,"w":51,"h":69},
	"sourceSize": {"w":51,"h":69}
},
"current_position_0003":
{
	"frame": {"x":3686,"y":3128,"w":51,"h":69},
	"rotated": false,
	"trimmed": false,
	"spriteSourceSize": {"x":0,"y":0,"w":51,"h":69},
	"sourceSize": {"w":51,"h":69}
},
"current_position_0004":
{
	"frame": {"x":3679,"y":3203,"w":51,"h":69},
	"rotated": false,
	"trimmed": false,
	"spriteSourceSize": {"x":0,"y":0,"w":51,"h":69},
	"sourceSize": {"w":51,"h":69}
},
"current_position_0005":
{
	"frame": {"x":3612,"y":3262,"w":51,"h":69},
	"rotated": false,
	"trimmed": false,
	"spriteSourceSize": {"x":0,"y":0,"w":51,"h":69},
	"sourceSize": {"w":51,"h":69}
},
"current_position_0006":
{
	"frame": {"x":3544,"y":3283,"w":51,"h":69},
	"rotated": false,
	"trimmed": false,
	"spriteSourceSize": {"x":0,"y":0,"w":51,"h":69},
	"sourceSize": {"w":51,"h":69}
},
"current_position_0007":
{
	"frame": {"x":3736,"y":3219,"w":51,"h":69},
	"rotated": false,
	"trimmed": false,
	"spriteSourceSize": {"x":0,"y":0,"w":51,"h":69},
	"sourceSize": {"w":51,"h":69}
},
"current_position_0008":
{
	"frame": {"x":3669,"y":3278,"w":51,"h":69},
	"rotated": false,
	"trimmed": false,
	"spriteSourceSize": {"x":0,"y":0,"w":51,"h":69},
	"sourceSize": {"w":51,"h":69}
},
"current_position_0009":
{
	"frame": {"x":3601,"y":3337,"w":51,"h":69},
	"rotated": false,
	"trimmed": false,
	"spriteSourceSize": {"x":0,"y":0,"w":51,"h":69},
	"sourceSize": {"w":51,"h":69}
},
"dressing_cabin":
{
	"frame": {"x":1449,"y":3352,"w":180,"h":191},
	"rotated": false,
	"trimmed": false,
	"spriteSourceSize": {"x":0,"y":0,"w":180,"h":191},
	"sourceSize": {"w":180,"h":191}
},
"drum":
{
	"frame": {"x":1448,"y":3596,"w":42,"h":28},
	"rotated": false,
	"trimmed": false,
	"spriteSourceSize": {"x":0,"y":0,"w":42,"h":28},
	"sourceSize": {"w":42,"h":28}
},
"explosion_0001":
{
	"frame": {"x":3612,"y":3202,"w":61,"h":54},
	"rotated": false,
	"trimmed": false,
	"spriteSourceSize": {"x":0,"y":0,"w":61,"h":54},
	"sourceSize": {"w":61,"h":54}
},
"explosion_0002":
{
	"frame": {"x":2953,"y":2050,"w":171,"h":170},
	"rotated": false,
	"trimmed": false,
	"spriteSourceSize": {"x":0,"y":0,"w":171,"h":170},
	"sourceSize": {"w":171,"h":170}
},
"explosion_0003":
{
	"frame": {"x":1258,"y":3143,"w":203,"h":203},
	"rotated": false,
	"trimmed": false,
	"spriteSourceSize": {"x":0,"y":0,"w":203,"h":203},
	"sourceSize": {"w":203,"h":203}
},
"explosion_0004":
{
	"frame": {"x":1005,"y":1676,"w":311,"h":313},
	"rotated": false,
	"trimmed": false,
	"spriteSourceSize": {"x":0,"y":0,"w":311,"h":313},
	"sourceSize": {"w":311,"h":313}
},
"explosion_0005":
{
	"frame": {"x":3655,"y":2104,"w":435,"h":312},
	"rotated": false,
	"trimmed": false,
	"spriteSourceSize": {"x":0,"y":0,"w":435,"h":312},
	"sourceSize": {"w":435,"h":312}
},
"explosion_0006":
{
	"frame": {"x":1960,"y":3627,"w":477,"h":326},
	"rotated": false,
	"trimmed": false,
	"spriteSourceSize": {"x":0,"y":0,"w":477,"h":326},
	"sourceSize": {"w":477,"h":326}
},
"explosion_0007":
{
	"frame": {"x":2727,"y":1476,"w":224,"h":259},
	"rotated": false,
	"trimmed": false,
	"spriteSourceSize": {"x":0,"y":0,"w":224,"h":259},
	"sourceSize": {"w":224,"h":259}
},
"explosion_0008":
{
	"frame": {"x":2443,"y":3625,"w":250,"h":271},
	"rotated": false,
	"trimmed": false,
	"spriteSourceSize": {"x":0,"y":0,"w":250,"h":271},
	"sourceSize": {"w":250,"h":271}
},
"explosion_0009":
{
	"frame": {"x":793,"y":3371,"w":259,"h":219},
	"rotated": false,
	"trimmed": false,
	"spriteSourceSize": {"x":0,"y":0,"w":259,"h":219},
	"sourceSize": {"w":259,"h":219}
},
"explosion_0010":
{
	"frame": {"x":523,"y":3371,"w":264,"h":222},
	"rotated": false,
	"trimmed": false,
	"spriteSourceSize": {"x":0,"y":0,"w":264,"h":222},
	"sourceSize": {"w":264,"h":222}
},
"explosive_metal_barrel":
{
	"frame": {"x":3421,"y":2584,"w":67,"h":89},
	"rotated": false,
	"trimmed": false,
	"spriteSourceSize": {"x":0,"y":0,"w":67,"h":89},
	"sourceSize": {"w":67,"h":89}
},
"failed_text":
{
	"frame": {"x":1030,"y":894,"w":305,"h":95},
	"rotated": false,
	"trimmed": false,
	"spriteSourceSize": {"x":0,"y":0,"w":305,"h":95},
	"sourceSize": {"w":305,"h":95}
},
"fast_yacht":
{
	"frame": {"x":2636,"y":3238,"w":120,"h":36},
	"rotated": false,
	"trimmed": false,
	"spriteSourceSize": {"x":0,"y":0,"w":120,"h":36},
	"sourceSize": {"w":120,"h":36}
},
"fast_yacht_scale_3":
{
	"frame": {"x":3626,"y":2422,"w":357,"h":104},
	"rotated": false,
	"trimmed": false,
	"spriteSourceSize": {"x":0,"y":0,"w":357,"h":104},
	"sourceSize": {"w":357,"h":104}
},
"finished_text":
{
	"frame": {"x":579,"y":1809,"w":382,"h":91},
	"rotated": false,
	"trimmed": false,
	"spriteSourceSize": {"x":0,"y":0,"w":382,"h":91},
	"sourceSize": {"w":382,"h":91}
},
"fish":
{
	"frame": {"x":1303,"y":3596,"w":83,"h":28},
	"rotated": false,
	"trimmed": false,
	"spriteSourceSize": {"x":0,"y":0,"w":83,"h":28},
	"sourceSize": {"w":83,"h":28}
},
"fly_no_wings":
{
	"frame": {"x":1302,"y":247,"w":4,"h":6},
	"rotated": false,
	"trimmed": false,
	"spriteSourceSize": {"x":0,"y":0,"w":4,"h":6},
	"sourceSize": {"w":4,"h":6}
},
"fly_wings":
{
	"frame": {"x":1312,"y":247,"w":11,"h":4},
	"rotated": false,
	"trimmed": false,
	"spriteSourceSize": {"x":0,"y":0,"w":11,"h":4},
	"sourceSize": {"w":11,"h":4}
},
"fog":
{
	"frame": {"x":3622,"y":2738,"w":334,"h":113},
	"rotated": false,
	"trimmed": false,
	"spriteSourceSize": {"x":0,"y":0,"w":334,"h":113},
	"sourceSize": {"w":334,"h":113}
},
"fruit_stand":
{
	"frame": {"x":1831,"y":2971,"w":191,"h":163},
	"rotated": false,
	"trimmed": false,
	"spriteSourceSize": {"x":0,"y":0,"w":191,"h":163},
	"sourceSize": {"w":191,"h":163}
},
"fruit_stand_basis":
{
	"frame": {"x":3936,"y":3245,"w":108,"h":64},
	"rotated": false,
	"trimmed": false,
	"spriteSourceSize": {"x":0,"y":0,"w":108,"h":64},
	"sourceSize": {"w":108,"h":64}
},
"fruit_stand_piece1":
{
	"frame": {"x":1929,"y":1537,"w":79,"h":18},
	"rotated": false,
	"trimmed": false,
	"spriteSourceSize": {"x":0,"y":0,"w":79,"h":18},
	"sourceSize": {"w":79,"h":18}
},
"game_loader_background":
{
	"frame": {"x":523,"y":3599,"w":332,"h":28},
	"rotated": false,
	"trimmed": false,
	"spriteSourceSize": {"x":0,"y":0,"w":332,"h":28},
	"sourceSize": {"w":332,"h":28}
},
"game_loader_foreground":
{
	"frame": {"x":2160,"y":2943,"w":329,"h":21},
	"rotated": false,
	"trimmed": false,
	"spriteSourceSize": {"x":0,"y":0,"w":329,"h":21},
	"sourceSize": {"w":329,"h":21}
},
"grass":
{
	"frame": {"x":1058,"y":3570,"w":512,"h":20},
	"rotated": false,
	"trimmed": false,
	"spriteSourceSize": {"x":0,"y":0,"w":512,"h":20},
	"sourceSize": {"w":512,"h":20}
},
"grass1":
{
	"frame": {"x":1904,"y":4000,"w":169,"h":91},
	"rotated": false,
	"trimmed": false,
	"spriteSourceSize": {"x":0,"y":0,"w":169,"h":91},
	"sourceSize": {"w":169,"h":91}
},
"grass2":
{
	"frame": {"x":2727,"y":1741,"w":222,"h":119},
	"rotated": false,
	"trimmed": false,
	"spriteSourceSize": {"x":0,"y":0,"w":222,"h":119},
	"sourceSize": {"w":222,"h":119}
},
"grass3":
{
	"frame": {"x":1831,"y":2454,"w":150,"h":44},
	"rotated": false,
	"trimmed": false,
	"spriteSourceSize": {"x":0,"y":0,"w":150,"h":44},
	"sourceSize": {"w":150,"h":44}
},
"grass4":
{
	"frame": {"x":2851,"y":2080,"w":96,"h":88},
	"rotated": false,
	"trimmed": false,
	"spriteSourceSize": {"x":0,"y":0,"w":96,"h":88},
	"sourceSize": {"w":96,"h":88}
},
"grass5":
{
	"frame": {"x":3989,"y":2422,"w":99,"h":53},
	"rotated": false,
	"trimmed": false,
	"spriteSourceSize": {"x":0,"y":0,"w":99,"h":53},
	"sourceSize": {"w":99,"h":53}
},
"grass6":
{
	"frame": {"x":2981,"y":1328,"w":155,"h":86},
	"rotated": false,
	"trimmed": false,
	"spriteSourceSize": {"x":0,"y":0,"w":155,"h":86},
	"sourceSize": {"w":155,"h":86}
},
"green_island":
{
	"frame": {"x":3816,"y":2997,"w":122,"h":99},
	"rotated": false,
	"trimmed": false,
	"spriteSourceSize": {"x":0,"y":0,"w":122,"h":99},
	"sourceSize": {"w":122,"h":99}
},
"green_island_scale_3":
{
	"frame": {"x":643,"y":1186,"w":357,"h":291},
	"rotated": false,
	"trimmed": false,
	"spriteSourceSize": {"x":0,"y":0,"w":357,"h":291},
	"sourceSize": {"w":357,"h":291}
},
"guitar":
{
	"frame": {"x":3355,"y":3160,"w":107,"h":42},
	"rotated": false,
	"trimmed": false,
	"spriteSourceSize": {"x":0,"y":0,"w":107,"h":42},
	"sourceSize": {"w":107,"h":42}
},
"high_sand_island":
{
	"frame": {"x":2727,"y":2080,"w":118,"h":135},
	"rotated": false,
	"trimmed": false,
	"spriteSourceSize": {"x":0,"y":0,"w":118,"h":135},
	"sourceSize": {"w":118,"h":135}
},
"high_sand_island_scale_3":
{
	"frame": {"x":785,"y":3633,"w":344,"h":394},
	"rotated": false,
	"trimmed": false,
	"spriteSourceSize": {"x":0,"y":0,"w":344,"h":394},
	"sourceSize": {"w":344,"h":394}
},
"house1":
{
	"frame": {"x":1135,"y":3630,"w":448,"h":388},
	"rotated": false,
	"trimmed": false,
	"spriteSourceSize": {"x":0,"y":0,"w":448,"h":388},
	"sourceSize": {"w":448,"h":388}
},
"house1_scale_01":
{
	"frame": {"x":647,"y":1906,"w":45,"h":39},
	"rotated": false,
	"trimmed": false,
	"spriteSourceSize": {"x":0,"y":0,"w":45,"h":39},
	"sourceSize": {"w":45,"h":39}
},
"house1_scale_03":
{
	"frame": {"x":3951,"y":2933,"w":134,"h":116},
	"rotated": false,
	"trimmed": false,
	"spriteSourceSize": {"x":0,"y":0,"w":134,"h":116},
	"sourceSize": {"w":134,"h":116}
},
"house2":
{
	"frame": {"x":203,"y":3633,"w":433,"h":434},
	"rotated": false,
	"trimmed": false,
	"spriteSourceSize": {"x":0,"y":0,"w":433,"h":434},
	"sourceSize": {"w":433,"h":434}
},
"house2_scale_01":
{
	"frame": {"x":3658,"y":3353,"w":43,"h":43},
	"rotated": false,
	"trimmed": false,
	"spriteSourceSize": {"x":0,"y":0,"w":43,"h":43},
	"sourceSize": {"w":43,"h":43}
},
"house2_scale_03":
{
	"frame": {"x":3243,"y":2726,"w":130,"h":130},
	"rotated": false,
	"trimmed": false,
	"spriteSourceSize": {"x":0,"y":0,"w":130,"h":130},
	"sourceSize": {"w":130,"h":130}
},
"house3":
{
	"frame": {"x":5,"y":2690,"w":514,"h":419},
	"rotated": false,
	"trimmed": false,
	"spriteSourceSize": {"x":0,"y":0,"w":514,"h":419},
	"sourceSize": {"w":514,"h":419}
},
"house3_scale_01":
{
	"frame": {"x":3438,"y":3312,"w":51,"h":42},
	"rotated": false,
	"trimmed": false,
	"spriteSourceSize": {"x":0,"y":0,"w":51,"h":42},
	"sourceSize": {"w":51,"h":42}
},
"house3_scale_03":
{
	"frame": {"x":2981,"y":1420,"w":154,"h":126},
	"rotated": false,
	"trimmed": false,
	"spriteSourceSize": {"x":0,"y":0,"w":154,"h":126},
	"sourceSize": {"w":154,"h":126}
},
"jump_green_button_0001":
{
	"frame": {"x":2562,"y":2761,"w":131,"h":131},
	"rotated": false,
	"trimmed": false,
	"spriteSourceSize": {"x":0,"y":0,"w":131,"h":131},
	"sourceSize": {"w":131,"h":131}
},
"jump_green_button_0002":
{
	"frame": {"x":2533,"y":3959,"w":131,"h":131},
	"rotated": false,
	"trimmed": false,
	"spriteSourceSize": {"x":0,"y":0,"w":131,"h":131},
	"sourceSize": {"w":131,"h":131}
},
"jump_yellow_button_0001":
{
	"frame": {"x":2670,"y":3959,"w":131,"h":131},
	"rotated": false,
	"trimmed": false,
	"spriteSourceSize": {"x":0,"y":0,"w":131,"h":131},
	"sourceSize": {"w":131,"h":131}
},
"jump_yellow_button_0002":
{
	"frame": {"x":2489,"y":3121,"w":131,"h":131},
	"rotated": false,
	"trimmed": false,
	"spriteSourceSize": {"x":0,"y":0,"w":131,"h":131},
	"sourceSize": {"w":131,"h":131}
},
"lagged_logo":
{
	"frame": {"x":3355,"y":2881,"w":193,"h":52},
	"rotated": false,
	"trimmed": false,
	"spriteSourceSize": {"x":0,"y":0,"w":193,"h":52},
	"sourceSize": {"w":193,"h":52}
},
"lifebuoy":
{
	"frame": {"x":3277,"y":3026,"w":71,"h":70},
	"rotated": false,
	"trimmed": false,
	"spriteSourceSize": {"x":0,"y":0,"w":71,"h":70},
	"sourceSize": {"w":71,"h":70}
},
"line":
{
	"frame": {"x":3133,"y":802,"w":4,"h":16},
	"rotated": false,
	"trimmed": false,
	"spriteSourceSize": {"x":0,"y":0,"w":4,"h":16},
	"sourceSize": {"w":4,"h":16}
},
"logo_big":
{
	"frame": {"x":3143,"y":577,"w":853,"h":408},
	"rotated": false,
	"trimmed": false,
	"spriteSourceSize": {"x":0,"y":0,"w":853,"h":408},
	"sourceSize": {"w":853,"h":408}
},
"logo_small":
{
	"frame": {"x":5,"y":1349,"w":587,"h":281},
	"rotated": false,
	"trimmed": false,
	"spriteSourceSize": {"x":0,"y":0,"w":587,"h":281},
	"sourceSize": {"w":587,"h":281}
},
"logo_very_small":
{
	"frame": {"x":2150,"y":2224,"w":136,"h":65},
	"rotated": false,
	"trimmed": false,
	"spriteSourceSize": {"x":0,"y":0,"w":136,"h":65},
	"sourceSize": {"w":136,"h":65}
},
"long_green_island":
{
	"frame": {"x":3379,"y":2805,"w":200,"h":70},
	"rotated": false,
	"trimmed": false,
	"spriteSourceSize": {"x":0,"y":0,"w":200,"h":70},
	"sourceSize": {"w":200,"h":70}
},
"long_green_island_scale_3":
{
	"frame": {"x":1331,"y":1307,"w":592,"h":202},
	"rotated": false,
	"trimmed": false,
	"spriteSourceSize": {"x":0,"y":0,"w":592,"h":202},
	"sourceSize": {"w":592,"h":202}
},
"long_sand_island":
{
	"frame": {"x":1636,"y":4011,"w":262,"h":80},
	"rotated": false,
	"trimmed": false,
	"spriteSourceSize": {"x":0,"y":0,"w":262,"h":80},
	"sourceSize": {"w":262,"h":80}
},
"long_sand_island_scale_3":
{
	"frame": {"x":3143,"y":991,"w":779,"h":232},
	"rotated": false,
	"trimmed": false,
	"spriteSourceSize": {"x":0,"y":0,"w":779,"h":232},
	"sourceSize": {"w":779,"h":232}
},
"marker":
{
	"frame": {"x":1280,"y":237,"w":16,"h":16},
	"rotated": false,
	"trimmed": false,
	"spriteSourceSize": {"x":0,"y":0,"w":16,"h":16},
	"sourceSize": {"w":16,"h":16}
},
"menu_background":
{
	"frame": {"x":2443,"y":2224,"w":500,"h":500},
	"rotated": false,
	"trimmed": false,
	"spriteSourceSize": {"x":0,"y":0,"w":500,"h":500},
	"sourceSize": {"w":500,"h":500}
},
"minishop":
{
	"frame": {"x":1831,"y":2295,"w":150,"h":153},
	"rotated": false,
	"trimmed": false,
	"spriteSourceSize": {"x":0,"y":0,"w":150,"h":153},
	"sourceSize": {"w":150,"h":153}
},
"monitor":
{
	"frame": {"x":4053,"y":603,"w":37,"h":39},
	"rotated": false,
	"trimmed": false,
	"spriteSourceSize": {"x":0,"y":0,"w":37,"h":39},
	"sourceSize": {"w":37,"h":39}
},
"mushroom1":
{
	"frame": {"x":3793,"y":3280,"w":46,"h":52},
	"rotated": false,
	"trimmed": false,
	"spriteSourceSize": {"x":0,"y":0,"w":46,"h":52},
	"sourceSize": {"w":46,"h":52}
},
"mushroom2":
{
	"frame": {"x":1419,"y":4024,"w":67,"h":66},
	"rotated": false,
	"trimmed": false,
	"spriteSourceSize": {"x":0,"y":0,"w":67,"h":66},
	"sourceSize": {"w":67,"h":66}
},
"mushroom3":
{
	"frame": {"x":3544,"y":3202,"w":62,"h":75},
	"rotated": false,
	"trimmed": false,
	"spriteSourceSize": {"x":0,"y":0,"w":62,"h":75},
	"sourceSize": {"w":62,"h":75}
},
"mushroom4":
{
	"frame": {"x":1138,"y":457,"w":73,"h":56},
	"rotated": false,
	"trimmed": false,
	"spriteSourceSize": {"x":0,"y":0,"w":73,"h":56},
	"sourceSize": {"w":73,"h":56}
},
"mushroom5":
{
	"frame": {"x":2185,"y":4000,"w":66,"h":91},
	"rotated": false,
	"trimmed": false,
	"spriteSourceSize": {"x":0,"y":0,"w":66,"h":91},
	"sourceSize": {"w":66,"h":91}
},
"narrow_volcano":
{
	"frame": {"x":1053,"y":519,"w":282,"h":224},
	"rotated": false,
	"trimmed": false,
	"spriteSourceSize": {"x":0,"y":0,"w":282,"h":224},
	"sourceSize": {"w":282,"h":224}
},
"next_button":
{
	"frame": {"x":4002,"y":964,"w":88,"h":95},
	"rotated": false,
	"trimmed": false,
	"spriteSourceSize": {"x":0,"y":0,"w":88,"h":95},
	"sourceSize": {"w":88,"h":95}
},
"nitro_1_point":
{
	"frame": {"x":3223,"y":2951,"w":48,"h":117},
	"rotated": false,
	"trimmed": false,
	"spriteSourceSize": {"x":0,"y":0,"w":48,"h":117},
	"sourceSize": {"w":48,"h":117}
},
"nitro_button_0001":
{
	"frame": {"x":2559,"y":2964,"w":131,"h":131},
	"rotated": false,
	"trimmed": false,
	"spriteSourceSize": {"x":0,"y":0,"w":131,"h":131},
	"sourceSize": {"w":131,"h":131}
},
"nitro_button_0002":
{
	"frame": {"x":2626,"y":3101,"w":131,"h":131},
	"rotated": false,
	"trimmed": false,
	"spriteSourceSize": {"x":0,"y":0,"w":131,"h":131},
	"sourceSize": {"w":131,"h":131}
},
"nitro_flames_0001":
{
	"frame": {"x":931,"y":4033,"w":129,"h":57},
	"rotated": false,
	"trimmed": false,
	"spriteSourceSize": {"x":0,"y":0,"w":129,"h":57},
	"sourceSize": {"w":129,"h":57}
},
"nitro_flames_0002":
{
	"frame": {"x":3354,"y":2523,"w":135,"h":55},
	"rotated": false,
	"trimmed": false,
	"spriteSourceSize": {"x":0,"y":0,"w":135,"h":55},
	"sourceSize": {"w":135,"h":55}
},
"nitro_flames_0003":
{
	"frame": {"x":1066,"y":4033,"w":141,"h":55},
	"rotated": false,
	"trimmed": false,
	"spriteSourceSize": {"x":0,"y":0,"w":141,"h":55},
	"sourceSize": {"w":141,"h":55}
},
"nitro_flames_0004":
{
	"frame": {"x":3951,"y":2872,"w":135,"h":55},
	"rotated": false,
	"trimmed": false,
	"spriteSourceSize": {"x":0,"y":0,"w":135,"h":55},
	"sourceSize": {"w":135,"h":55}
},
"nitro_flames_0005":
{
	"frame": {"x":2443,"y":3902,"w":137,"h":51},
	"rotated": false,
	"trimmed": false,
	"spriteSourceSize": {"x":0,"y":0,"w":137,"h":51},
	"sourceSize": {"w":137,"h":51}
},
"nitro_flames_0006":
{
	"frame": {"x":2949,"y":2287,"w":141,"h":51},
	"rotated": false,
	"trimmed": false,
	"spriteSourceSize": {"x":0,"y":0,"w":141,"h":51},
	"sourceSize": {"w":141,"h":51}
},
"nitro_flames_0007":
{
	"frame": {"x":2258,"y":2505,"w":148,"h":51},
	"rotated": false,
	"trimmed": false,
	"spriteSourceSize": {"x":0,"y":0,"w":148,"h":51},
	"sourceSize": {"w":148,"h":51}
},
"nitro_flames_0008":
{
	"frame": {"x":2586,"y":3902,"w":136,"h":51},
	"rotated": false,
	"trimmed": false,
	"spriteSourceSize": {"x":0,"y":0,"w":136,"h":51},
	"sourceSize": {"w":136,"h":51}
},
"nitro_flames_0009":
{
	"frame": {"x":2666,"y":2898,"w":138,"h":55},
	"rotated": false,
	"trimmed": false,
	"spriteSourceSize": {"x":0,"y":0,"w":138,"h":55},
	"sourceSize": {"w":138,"h":55}
},
"nitro_flames_0010":
{
	"frame": {"x":2949,"y":2226,"w":141,"h":55},
	"rotated": false,
	"trimmed": false,
	"spriteSourceSize": {"x":0,"y":0,"w":141,"h":55},
	"sourceSize": {"w":141,"h":55}
},
"nitro_flames_0011":
{
	"frame": {"x":2949,"y":2667,"w":136,"h":55},
	"rotated": false,
	"trimmed": false,
	"spriteSourceSize": {"x":0,"y":0,"w":136,"h":55},
	"sourceSize": {"w":136,"h":55}
},
"nitro_flames_0012":
{
	"frame": {"x":785,"y":4033,"w":140,"h":57},
	"rotated": false,
	"trimmed": false,
	"spriteSourceSize": {"x":0,"y":0,"w":140,"h":57},
	"sourceSize": {"w":140,"h":57}
},
"nitro_pick":
{
	"frame": {"x":598,"y":1394,"w":39,"h":39},
	"rotated": false,
	"trimmed": false,
	"spriteSourceSize": {"x":0,"y":0,"w":39,"h":39},
	"sourceSize": {"w":39,"h":39}
},
"nitro_pick_0001":
{
	"frame": {"x":2636,"y":3280,"w":57,"h":55},
	"rotated": false,
	"trimmed": false,
	"spriteSourceSize": {"x":0,"y":0,"w":57,"h":55},
	"sourceSize": {"w":57,"h":55}
},
"nitro_pick_0002":
{
	"frame": {"x":2699,"y":3625,"w":52,"h":50},
	"rotated": false,
	"trimmed": false,
	"spriteSourceSize": {"x":0,"y":0,"w":52,"h":50},
	"sourceSize": {"w":52,"h":50}
},
"nitro_pick_0003":
{
	"frame": {"x":3296,"y":3503,"w":47,"h":45},
	"rotated": false,
	"trimmed": false,
	"spriteSourceSize": {"x":0,"y":0,"w":47,"h":45},
	"sourceSize": {"w":47,"h":45}
},
"nitro_pick_0004":
{
	"frame": {"x":3462,"y":3500,"w":42,"h":41},
	"rotated": false,
	"trimmed": false,
	"spriteSourceSize": {"x":0,"y":0,"w":42,"h":41},
	"sourceSize": {"w":42,"h":41}
},
"nitro_pick_0005":
{
	"frame": {"x":3409,"y":3519,"w":42,"h":41},
	"rotated": false,
	"trimmed": false,
	"spriteSourceSize": {"x":0,"y":0,"w":42,"h":41},
	"sourceSize": {"w":42,"h":41}
},
"nitro_pick_0006":
{
	"frame": {"x":3296,"y":3451,"w":47,"h":46},
	"rotated": false,
	"trimmed": false,
	"spriteSourceSize": {"x":0,"y":0,"w":47,"h":46},
	"sourceSize": {"w":47,"h":46}
},
"nitro_pick_0007":
{
	"frame": {"x":2699,"y":3398,"w":53,"h":51},
	"rotated": false,
	"trimmed": false,
	"spriteSourceSize": {"x":0,"y":0,"w":53,"h":51},
	"sourceSize": {"w":53,"h":51}
},
"nitro_pick_0008":
{
	"frame": {"x":1277,"y":391,"w":58,"h":56},
	"rotated": false,
	"trimmed": false,
	"spriteSourceSize": {"x":0,"y":0,"w":58,"h":56},
	"sourceSize": {"w":58,"h":56}
},
"ongoing_acceleration":
{
	"frame": {"x":1883,"y":1515,"w":40,"h":40},
	"rotated": false,
	"trimmed": false,
	"spriteSourceSize": {"x":0,"y":0,"w":40,"h":40},
	"sourceSize": {"w":40,"h":40}
},
"ongoing_armor":
{
	"frame": {"x":533,"y":1857,"w":40,"h":40},
	"rotated": false,
	"trimmed": false,
	"spriteSourceSize": {"x":0,"y":0,"w":40,"h":40},
	"sourceSize": {"w":40,"h":40}
},
"ongoing_balloons":
{
	"frame": {"x":533,"y":1903,"w":40,"h":40},
	"rotated": false,
	"trimmed": false,
	"spriteSourceSize": {"x":0,"y":0,"w":40,"h":40},
	"sourceSize": {"w":40,"h":40}
},
"ongoing_bomb":
{
	"frame": {"x":4050,"y":3292,"w":40,"h":40},
	"rotated": false,
	"trimmed": false,
	"spriteSourceSize": {"x":0,"y":0,"w":40,"h":40},
	"sourceSize": {"w":40,"h":40}
},
"ongoing_boost":
{
	"frame": {"x":3355,"y":3546,"w":40,"h":40},
	"rotated": false,
	"trimmed": false,
	"spriteSourceSize": {"x":0,"y":0,"w":40,"h":40},
	"sourceSize": {"w":40,"h":40}
},
"ongoing_coin":
{
	"frame": {"x":3624,"y":3451,"w":40,"h":40},
	"rotated": false,
	"trimmed": false,
	"spriteSourceSize": {"x":0,"y":0,"w":40,"h":40},
	"sourceSize": {"w":40,"h":40}
},
"ongoing_dynamite":
{
	"frame": {"x":3567,"y":3459,"w":40,"h":40},
	"rotated": false,
	"trimmed": false,
	"spriteSourceSize": {"x":0,"y":0,"w":40,"h":40},
	"sourceSize": {"w":40,"h":40}
},
"ongoing_first":
{
	"frame": {"x":3949,"y":3315,"w":40,"h":40},
	"rotated": false,
	"trimmed": false,
	"spriteSourceSize": {"x":0,"y":0,"w":40,"h":40},
	"sourceSize": {"w":40,"h":40}
},
"ongoing_handling":
{
	"frame": {"x":3995,"y":3315,"w":40,"h":40},
	"rotated": false,
	"trimmed": false,
	"spriteSourceSize": {"x":0,"y":0,"w":40,"h":40},
	"sourceSize": {"w":40,"h":40}
},
"ongoing_unlock_car":
{
	"frame": {"x":4041,"y":3338,"w":40,"h":40},
	"rotated": false,
	"trimmed": false,
	"spriteSourceSize": {"x":0,"y":0,"w":40,"h":40},
	"sourceSize": {"w":40,"h":40}
},
"orange":
{
	"frame": {"x":1030,"y":699,"w":17,"h":17},
	"rotated": false,
	"trimmed": false,
	"spriteSourceSize": {"x":0,"y":0,"w":17,"h":17},
	"sourceSize": {"w":17,"h":17}
},
"orange_full":
{
	"frame": {"x":1030,"y":672,"w":17,"h":21},
	"rotated": false,
	"trimmed": false,
	"spriteSourceSize": {"x":0,"y":0,"w":17,"h":21},
	"sourceSize": {"w":17,"h":21}
},
"palm_coconut":
{
	"frame": {"x":997,"y":764,"w":27,"h":26},
	"rotated": false,
	"trimmed": false,
	"spriteSourceSize": {"x":0,"y":0,"w":27,"h":26},
	"sourceSize": {"w":27,"h":26}
},
"palm_island1":
{
	"frame": {"x":1635,"y":3339,"w":347,"h":184},
	"rotated": false,
	"trimmed": false,
	"spriteSourceSize": {"x":0,"y":0,"w":347,"h":184},
	"sourceSize": {"w":347,"h":184}
},
"palm_island2":
{
	"frame": {"x":3927,"y":1393,"w":161,"h":114},
	"rotated": false,
	"trimmed": false,
	"spriteSourceSize": {"x":0,"y":0,"w":161,"h":114},
	"sourceSize": {"w":161,"h":114}
},
"palm_island3":
{
	"frame": {"x":2981,"y":1136,"w":155,"h":186},
	"rotated": false,
	"trimmed": false,
	"spriteSourceSize": {"x":0,"y":0,"w":155,"h":186},
	"sourceSize": {"w":155,"h":186}
},
"palm_tree1":
{
	"frame": {"x":5,"y":1857,"w":522,"h":827},
	"rotated": false,
	"trimmed": false,
	"spriteSourceSize": {"x":0,"y":0,"w":522,"h":827},
	"sourceSize": {"w":522,"h":827}
},
"palm_tree2":
{
	"frame": {"x":1289,"y":2196,"w":515,"h":795},
	"rotated": false,
	"trimmed": false,
	"spriteSourceSize": {"x":0,"y":0,"w":515,"h":795},
	"sourceSize": {"w":515,"h":795}
},
"palm_tree3":
{
	"frame": {"x":2763,"y":3096,"w":474,"h":849},
	"rotated": false,
	"trimmed": false,
	"spriteSourceSize": {"x":0,"y":0,"w":474,"h":849},
	"sourceSize": {"w":474,"h":849}
},
"palm_tree4":
{
	"frame": {"x":2169,"y":1421,"w":552,"h":797},
	"rotated": false,
	"trimmed": false,
	"spriteSourceSize": {"x":0,"y":0,"w":552,"h":797},
	"sourceSize": {"w":552,"h":797}
},
"pineapple":
{
	"frame": {"x":967,"y":1886,"w":25,"h":59},
	"rotated": false,
	"trimmed": false,
	"spriteSourceSize": {"x":0,"y":0,"w":25,"h":59},
	"sourceSize": {"w":25,"h":59}
},
"pirate_ship":
{
	"frame": {"x":1964,"y":1035,"w":213,"h":152},
	"rotated": false,
	"trimmed": false,
	"spriteSourceSize": {"x":0,"y":0,"w":213,"h":152},
	"sourceSize": {"w":213,"h":152}
},
"pirate_ship_scale_3":
{
	"frame": {"x":5,"y":895,"w":632,"h":448},
	"rotated": false,
	"trimmed": false,
	"spriteSourceSize": {"x":0,"y":0,"w":632,"h":448},
	"sourceSize": {"w":632,"h":448}
},
"pirstas_visas":
{
	"frame": {"x":2346,"y":2762,"w":210,"h":165},
	"rotated": false,
	"trimmed": false,
	"spriteSourceSize": {"x":0,"y":0,"w":210,"h":165},
	"sourceSize": {"w":210,"h":165}
},
"pixel_ruler":
{
	"frame": {"x":5,"y":726,"w":1013,"h":32},
	"rotated": false,
	"trimmed": false,
	"spriteSourceSize": {"x":0,"y":0,"w":1013,"h":32},
	"sourceSize": {"w":1013,"h":32}
},
"plate":
{
	"frame": {"x":3155,"y":332,"w":63,"h":12},
	"rotated": false,
	"trimmed": false,
	"spriteSourceSize": {"x":0,"y":0,"w":63,"h":12},
	"sourceSize": {"w":63,"h":12}
},
"plumbus":
{
	"frame": {"x":1288,"y":749,"w":44,"h":27},
	"rotated": false,
	"trimmed": false,
	"spriteSourceSize": {"x":0,"y":0,"w":44,"h":27},
	"sourceSize": {"w":44,"h":27}
},
"power_bomb_burning_0001":
{
	"frame": {"x":2565,"y":3258,"w":65,"h":60},
	"rotated": false,
	"trimmed": false,
	"spriteSourceSize": {"x":0,"y":0,"w":65,"h":60},
	"sourceSize": {"w":65,"h":60}
},
"power_bomb_burning_0002":
{
	"frame": {"x":3928,"y":991,"w":68,"h":60},
	"rotated": false,
	"trimmed": false,
	"spriteSourceSize": {"x":0,"y":0,"w":68,"h":60},
	"sourceSize": {"w":68,"h":60}
},
"power_bomb_burning_0003":
{
	"frame": {"x":2489,"y":3258,"w":70,"h":60},
	"rotated": false,
	"trimmed": false,
	"spriteSourceSize": {"x":0,"y":0,"w":70,"h":60},
	"sourceSize": {"w":70,"h":60}
},
"power_dynamite_0001":
{
	"frame": {"x":2345,"y":2562,"w":92,"h":52},
	"rotated": false,
	"trimmed": false,
	"spriteSourceSize": {"x":0,"y":0,"w":92,"h":52},
	"sourceSize": {"w":92,"h":52}
},
"power_dynamite_0002":
{
	"frame": {"x":3851,"y":2939,"w":92,"h":52},
	"rotated": false,
	"trimmed": false,
	"spriteSourceSize": {"x":0,"y":0,"w":92,"h":52},
	"sourceSize": {"w":92,"h":52}
},
"power_dynamite_0003":
{
	"frame": {"x":3243,"y":3102,"w":92,"h":52},
	"rotated": false,
	"trimmed": false,
	"spriteSourceSize": {"x":0,"y":0,"w":92,"h":52},
	"sourceSize": {"w":92,"h":52}
},
"power_icons_0001":
{
	"frame": {"x":2696,"y":2959,"w":131,"h":131},
	"rotated": false,
	"trimmed": false,
	"spriteSourceSize": {"x":0,"y":0,"w":131,"h":131},
	"sourceSize": {"w":131,"h":131}
},
"power_icons_0002":
{
	"frame": {"x":2807,"y":3951,"w":131,"h":131},
	"rotated": false,
	"trimmed": false,
	"spriteSourceSize": {"x":0,"y":0,"w":131,"h":131},
	"sourceSize": {"w":131,"h":131}
},
"power_icons_0003":
{
	"frame": {"x":2944,"y":3951,"w":131,"h":131},
	"rotated": false,
	"trimmed": false,
	"spriteSourceSize": {"x":0,"y":0,"w":131,"h":131},
	"sourceSize": {"w":131,"h":131}
},
"power_icons_0004":
{
	"frame": {"x":3081,"y":3951,"w":131,"h":131},
	"rotated": false,
	"trimmed": false,
	"spriteSourceSize": {"x":0,"y":0,"w":131,"h":131},
	"sourceSize": {"w":131,"h":131}
},
"power_icons_0005":
{
	"frame": {"x":3655,"y":1964,"w":138,"h":133},
	"rotated": false,
	"trimmed": false,
	"spriteSourceSize": {"x":0,"y":0,"w":138,"h":133},
	"sourceSize": {"w":138,"h":133}
},
"power_icons_0006":
{
	"frame": {"x":3218,"y":3951,"w":131,"h":131},
	"rotated": false,
	"trimmed": false,
	"spriteSourceSize": {"x":0,"y":0,"w":131,"h":131},
	"sourceSize": {"w":131,"h":131}
},
"power_magnet_0001":
{
	"frame": {"x":2949,"y":2344,"w":139,"h":117},
	"rotated": false,
	"trimmed": false,
	"spriteSourceSize": {"x":0,"y":0,"w":139,"h":117},
	"sourceSize": {"w":139,"h":117}
},
"power_magnet_0002":
{
	"frame": {"x":3094,"y":2442,"w":139,"h":117},
	"rotated": false,
	"trimmed": false,
	"spriteSourceSize": {"x":0,"y":0,"w":139,"h":117},
	"sourceSize": {"w":139,"h":117}
},
"power_magnet_0003":
{
	"frame": {"x":2949,"y":2467,"w":139,"h":117},
	"rotated": false,
	"trimmed": false,
	"spriteSourceSize": {"x":0,"y":0,"w":139,"h":117},
	"sourceSize": {"w":139,"h":117}
},
"power_magnet_0004":
{
	"frame": {"x":3094,"y":2565,"w":139,"h":117},
	"rotated": false,
	"trimmed": false,
	"spriteSourceSize": {"x":0,"y":0,"w":139,"h":117},
	"sourceSize": {"w":139,"h":117}
},
"power_magnet_0005":
{
	"frame": {"x":3944,"y":3055,"w":134,"h":113},
	"rotated": false,
	"trimmed": false,
	"spriteSourceSize": {"x":0,"y":0,"w":134,"h":113},
	"sourceSize": {"w":134,"h":113}
},
"power_magnet_0006":
{
	"frame": {"x":3962,"y":2757,"w":129,"h":109},
	"rotated": false,
	"trimmed": false,
	"spriteSourceSize": {"x":0,"y":0,"w":129,"h":109},
	"sourceSize": {"w":129,"h":109}
},
"power_magnet_0007":
{
	"frame": {"x":3495,"y":2523,"w":125,"h":106},
	"rotated": false,
	"trimmed": false,
	"spriteSourceSize": {"x":0,"y":0,"w":125,"h":106},
	"sourceSize": {"w":125,"h":106}
},
"power_magnet_0008":
{
	"frame": {"x":3814,"y":3173,"w":116,"h":101},
	"rotated": false,
	"trimmed": false,
	"spriteSourceSize": {"x":0,"y":0,"w":116,"h":101},
	"sourceSize": {"w":116,"h":101}
},
"power_magnet_0009":
{
	"frame": {"x":3982,"y":2655,"w":108,"h":96},
	"rotated": false,
	"trimmed": false,
	"spriteSourceSize": {"x":0,"y":0,"w":108,"h":96},
	"sourceSize": {"w":108,"h":96}
},
"power_magnet_0010":
{
	"frame": {"x":2079,"y":4000,"w":100,"h":91},
	"rotated": false,
	"trimmed": false,
	"spriteSourceSize": {"x":0,"y":0,"w":100,"h":91},
	"sourceSize": {"w":100,"h":91}
},
"power_magnet_0011":
{
	"frame": {"x":2810,"y":2866,"w":92,"h":86},
	"rotated": false,
	"trimmed": false,
	"spriteSourceSize": {"x":0,"y":0,"w":92,"h":86},
	"sourceSize": {"w":92,"h":86}
},
"power_nitro":
{
	"frame": {"x":3949,"y":3361,"w":40,"h":40},
	"rotated": false,
	"trimmed": false,
	"spriteSourceSize": {"x":0,"y":0,"w":40,"h":40},
	"sourceSize": {"w":40,"h":40}
},
"power_question":
{
	"frame": {"x":1492,"y":4024,"w":66,"h":66},
	"rotated": false,
	"trimmed": false,
	"spriteSourceSize": {"x":0,"y":0,"w":66,"h":66},
	"sourceSize": {"w":66,"h":66}
},
"power_question_0001":
{
	"frame": {"x":4002,"y":752,"w":89,"h":86},
	"rotated": false,
	"trimmed": false,
	"spriteSourceSize": {"x":0,"y":0,"w":89,"h":86},
	"sourceSize": {"w":89,"h":86}
},
"power_question_0002":
{
	"frame": {"x":3355,"y":3208,"w":80,"h":78},
	"rotated": false,
	"trimmed": false,
	"spriteSourceSize": {"x":0,"y":0,"w":80,"h":78},
	"sourceSize": {"w":80,"h":78}
},
"power_question_0003":
{
	"frame": {"x":3277,"y":2951,"w":72,"h":69},
	"rotated": false,
	"trimmed": false,
	"spriteSourceSize": {"x":0,"y":0,"w":72,"h":69},
	"sourceSize": {"w":72,"h":69}
},
"power_question_0004":
{
	"frame": {"x":1564,"y":4024,"w":66,"h":66},
	"rotated": false,
	"trimmed": false,
	"spriteSourceSize": {"x":0,"y":0,"w":66,"h":66},
	"sourceSize": {"w":66,"h":66}
},
"power_question_0005":
{
	"frame": {"x":1347,"y":4024,"w":66,"h":67},
	"rotated": false,
	"trimmed": false,
	"spriteSourceSize": {"x":0,"y":0,"w":66,"h":67},
	"sourceSize": {"w":66,"h":67}
},
"power_question_0006":
{
	"frame": {"x":3243,"y":3316,"w":74,"h":76},
	"rotated": false,
	"trimmed": false,
	"spriteSourceSize": {"x":0,"y":0,"w":74,"h":76},
	"sourceSize": {"w":74,"h":76}
},
"power_question_0007":
{
	"frame": {"x":2257,"y":2562,"w":82,"h":84},
	"rotated": false,
	"trimmed": false,
	"spriteSourceSize": {"x":0,"y":0,"w":82,"h":84},
	"sourceSize": {"w":82,"h":84}
},
"power_question_0008":
{
	"frame": {"x":1865,"y":3529,"w":90,"h":92},
	"rotated": false,
	"trimmed": false,
	"spriteSourceSize": {"x":0,"y":0,"w":90,"h":92},
	"sourceSize": {"w":90,"h":92}
},
"power_question_light":
{
	"frame": {"x":1688,"y":2997,"w":137,"h":137},
	"rotated": false,
	"trimmed": false,
	"spriteSourceSize": {"x":0,"y":0,"w":137,"h":137},
	"sourceSize": {"w":137,"h":137}
},
"power_shield_0001":
{
	"frame": {"x":1053,"y":375,"w":85,"h":65},
	"rotated": false,
	"trimmed": false,
	"spriteSourceSize": {"x":0,"y":0,"w":85,"h":65},
	"sourceSize": {"w":85,"h":65}
},
"power_shield_0002":
{
	"frame": {"x":3243,"y":3160,"w":90,"h":65},
	"rotated": false,
	"trimmed": false,
	"spriteSourceSize": {"x":0,"y":0,"w":90,"h":65},
	"sourceSize": {"w":90,"h":65}
},
"power_shield_0003":
{
	"frame": {"x":3986,"y":2584,"w":95,"h":65},
	"rotated": false,
	"trimmed": false,
	"spriteSourceSize": {"x":0,"y":0,"w":95,"h":65},
	"sourceSize": {"w":95,"h":65}
},
"power_shield_0004":
{
	"frame": {"x":3243,"y":2442,"w":100,"h":65},
	"rotated": false,
	"trimmed": false,
	"spriteSourceSize": {"x":0,"y":0,"w":100,"h":65},
	"sourceSize": {"w":100,"h":65}
},
"power_shield_0005":
{
	"frame": {"x":3817,"y":1359,"w":104,"h":65},
	"rotated": false,
	"trimmed": false,
	"spriteSourceSize": {"x":0,"y":0,"w":104,"h":65},
	"sourceSize": {"w":104,"h":65}
},
"power_shield_0006":
{
	"frame": {"x":3239,"y":2513,"w":109,"h":65},
	"rotated": false,
	"trimmed": false,
	"spriteSourceSize": {"x":0,"y":0,"w":109,"h":65},
	"sourceSize": {"w":109,"h":65}
},
"power_shield_0007":
{
	"frame": {"x":3936,"y":3174,"w":114,"h":65},
	"rotated": false,
	"trimmed": false,
	"spriteSourceSize": {"x":0,"y":0,"w":114,"h":65},
	"sourceSize": {"w":114,"h":65}
},
"power_shield_0008":
{
	"frame": {"x":3816,"y":3102,"w":119,"h":65},
	"rotated": false,
	"trimmed": false,
	"spriteSourceSize": {"x":0,"y":0,"w":119,"h":65},
	"sourceSize": {"w":119,"h":65}
},
"power_shield_0009":
{
	"frame": {"x":2292,"y":2224,"w":124,"h":65},
	"rotated": false,
	"trimmed": false,
	"spriteSourceSize": {"x":0,"y":0,"w":124,"h":65},
	"sourceSize": {"w":124,"h":65}
},
"power_shield_0010":
{
	"frame": {"x":1213,"y":4024,"w":128,"h":67},
	"rotated": false,
	"trimmed": false,
	"spriteSourceSize": {"x":0,"y":0,"w":128,"h":67},
	"sourceSize": {"w":128,"h":67}
},
"power_shield_0011":
{
	"frame": {"x":3547,"y":3128,"w":133,"h":68},
	"rotated": false,
	"trimmed": false,
	"spriteSourceSize": {"x":0,"y":0,"w":133,"h":68},
	"sourceSize": {"w":133,"h":68}
},
"power_shield_0012":
{
	"frame": {"x":2949,"y":2590,"w":138,"h":71},
	"rotated": false,
	"trimmed": false,
	"spriteSourceSize": {"x":0,"y":0,"w":138,"h":71},
	"sourceSize": {"w":138,"h":71}
},
"power_shield_0013":
{
	"frame": {"x":1831,"y":2587,"w":143,"h":74},
	"rotated": false,
	"trimmed": false,
	"spriteSourceSize": {"x":0,"y":0,"w":143,"h":74},
	"sourceSize": {"w":143,"h":74}
},
"power_shield_0014":
{
	"frame": {"x":1831,"y":2504,"w":148,"h":77},
	"rotated": false,
	"trimmed": false,
	"spriteSourceSize": {"x":0,"y":0,"w":148,"h":77},
	"sourceSize": {"w":148,"h":77}
},
"power_shield_0015":
{
	"frame": {"x":3655,"y":1878,"w":153,"h":80},
	"rotated": false,
	"trimmed": false,
	"spriteSourceSize": {"x":0,"y":0,"w":153,"h":80},
	"sourceSize": {"w":153,"h":80}
},
"race_start_0001":
{
	"frame": {"x":3343,"y":2584,"w":72,"h":98},
	"rotated": false,
	"trimmed": false,
	"spriteSourceSize": {"x":0,"y":0,"w":72,"h":98},
	"sourceSize": {"w":72,"h":98}
},
"race_start_0002":
{
	"frame": {"x":3855,"y":1255,"w":67,"h":98},
	"rotated": false,
	"trimmed": false,
	"spriteSourceSize": {"x":0,"y":0,"w":67,"h":98},
	"sourceSize": {"w":67,"h":98}
},
"race_start_0003":
{
	"frame": {"x":3355,"y":3442,"w":48,"h":98},
	"rotated": false,
	"trimmed": false,
	"spriteSourceSize": {"x":0,"y":0,"w":48,"h":98},
	"sourceSize": {"w":48,"h":98}
},
"race_start_0004":
{
	"frame": {"x":3928,"y":1283,"w":162,"h":104},
	"rotated": false,
	"trimmed": false,
	"spriteSourceSize": {"x":0,"y":0,"w":162,"h":104},
	"sourceSize": {"w":162,"h":104}
},
"ramp_accelerated_0001":
{
	"frame": {"x":533,"y":1951,"w":456,"h":473},
	"rotated": false,
	"trimmed": false,
	"spriteSourceSize": {"x":0,"y":0,"w":456,"h":473},
	"sourceSize": {"w":456,"h":473}
},
"ramp_accelerated_0002":
{
	"frame": {"x":533,"y":2430,"w":456,"h":473},
	"rotated": false,
	"trimmed": false,
	"spriteSourceSize": {"x":0,"y":0,"w":456,"h":473},
	"sourceSize": {"w":456,"h":473}
},
"ramp_simple":
{
	"frame": {"x":525,"y":2909,"w":456,"h":456},
	"rotated": false,
	"trimmed": false,
	"spriteSourceSize": {"x":0,"y":0,"w":456,"h":456},
	"sourceSize": {"w":456,"h":456}
},
"red_border_100x100":
{
	"frame": {"x":1144,"y":343,"w":100,"h":100},
	"rotated": false,
	"trimmed": false,
	"spriteSourceSize": {"x":0,"y":0,"w":100,"h":100},
	"sourceSize": {"w":100,"h":100}
},
"reward_first":
{
	"frame": {"x":1542,"y":2997,"w":140,"h":140},
	"rotated": false,
	"trimmed": false,
	"spriteSourceSize": {"x":0,"y":0,"w":140,"h":140},
	"sourceSize": {"w":140,"h":140}
},
"rock":
{
	"frame": {"x":2173,"y":3959,"w":80,"h":35},
	"rotated": false,
	"trimmed": false,
	"spriteSourceSize": {"x":0,"y":0,"w":80,"h":35},
	"sourceSize": {"w":80,"h":35}
},
"root1":
{
	"frame": {"x":642,"y":3633,"w":137,"h":434},
	"rotated": false,
	"trimmed": false,
	"spriteSourceSize": {"x":0,"y":0,"w":137,"h":434},
	"sourceSize": {"w":137,"h":434}
},
"root2":
{
	"frame": {"x":3817,"y":1513,"w":270,"h":311},
	"rotated": false,
	"trimmed": false,
	"spriteSourceSize": {"x":0,"y":0,"w":270,"h":311},
	"sourceSize": {"w":270,"h":311}
},
"root3":
{
	"frame": {"x":1006,"y":1221,"w":319,"h":309},
	"rotated": false,
	"trimmed": false,
	"spriteSourceSize": {"x":0,"y":0,"w":319,"h":309},
	"sourceSize": {"w":319,"h":309}
},
"root4":
{
	"frame": {"x":5,"y":3633,"w":192,"h":437},
	"rotated": false,
	"trimmed": false,
	"spriteSourceSize": {"x":0,"y":0,"w":192,"h":437},
	"sourceSize": {"w":192,"h":437}
},
"round_rock":
{
	"frame": {"x":1053,"y":446,"w":79,"h":67},
	"rotated": false,
	"trimmed": false,
	"spriteSourceSize": {"x":0,"y":0,"w":79,"h":67},
	"sourceSize": {"w":79,"h":67}
},
"sailing_yacht":
{
	"frame": {"x":4002,"y":648,"w":89,"h":98},
	"rotated": false,
	"trimmed": false,
	"spriteSourceSize": {"x":0,"y":0,"w":89,"h":98},
	"sourceSize": {"w":89,"h":98}
},
"sailing_yacht_scale_3":
{
	"frame": {"x":1988,"y":3328,"w":264,"h":291},
	"rotated": false,
	"trimmed": false,
	"spriteSourceSize": {"x":0,"y":0,"w":264,"h":291},
	"sourceSize": {"w":264,"h":291}
},
"shack":
{
	"frame": {"x":1883,"y":1561,"w":276,"h":157},
	"rotated": false,
	"trimmed": false,
	"spriteSourceSize": {"x":0,"y":0,"w":276,"h":157},
	"sourceSize": {"w":276,"h":157}
},
"shack_full":
{
	"frame": {"x":995,"y":2510,"w":276,"h":157},
	"rotated": false,
	"trimmed": false,
	"spriteSourceSize": {"x":0,"y":0,"w":276,"h":157},
	"sourceSize": {"w":276,"h":157}
},
"shack_piece1":
{
	"frame": {"x":3136,"y":407,"w":10,"h":82},
	"rotated": false,
	"trimmed": false,
	"spriteSourceSize": {"x":0,"y":0,"w":10,"h":82},
	"sourceSize": {"w":10,"h":82}
},
"shack_piece2":
{
	"frame": {"x":3133,"y":495,"w":10,"h":63},
	"rotated": false,
	"trimmed": false,
	"spriteSourceSize": {"x":0,"y":0,"w":10,"h":63},
	"sourceSize": {"w":10,"h":63}
},
"shack_piece3":
{
	"frame": {"x":1030,"y":722,"w":15,"h":65},
	"rotated": false,
	"trimmed": false,
	"spriteSourceSize": {"x":0,"y":0,"w":15,"h":65},
	"sourceSize": {"w":15,"h":65}
},
"shack_piece4":
{
	"frame": {"x":1250,"y":394,"w":19,"h":57},
	"rotated": false,
	"trimmed": false,
	"spriteSourceSize": {"x":0,"y":0,"w":19,"h":57},
	"sourceSize": {"w":19,"h":57}
},
"shortcut_background":
{
	"frame": {"x":1275,"y":453,"w":60,"h":60},
	"rotated": false,
	"trimmed": false,
	"spriteSourceSize": {"x":0,"y":0,"w":60,"h":60},
	"sourceSize": {"w":60,"h":60}
},
"sinking_titanic":
{
	"frame": {"x":2957,"y":1552,"w":178,"h":141},
	"rotated": false,
	"trimmed": false,
	"spriteSourceSize": {"x":0,"y":0,"w":178,"h":141},
	"sourceSize": {"w":178,"h":141}
},
"sinking_titanic_scale_3":
{
	"frame": {"x":1322,"y":1779,"w":523,"h":411},
	"rotated": false,
	"trimmed": false,
	"spriteSourceSize": {"x":0,"y":0,"w":523,"h":411},
	"sourceSize": {"w":523,"h":411}
},
"small_coin":
{
	"frame": {"x":1250,"y":273,"w":24,"h":24},
	"rotated": false,
	"trimmed": false,
	"spriteSourceSize": {"x":0,"y":0,"w":24,"h":24},
	"sourceSize": {"w":24,"h":24}
},
"small_palm_tree1":
{
	"frame": {"x":1705,"y":3627,"w":249,"h":367},
	"rotated": false,
	"trimmed": false,
	"spriteSourceSize": {"x":0,"y":0,"w":249,"h":367},
	"sourceSize": {"w":249,"h":367}
},
"small_palm_tree2":
{
	"frame": {"x":1284,"y":3352,"w":159,"h":199},
	"rotated": false,
	"trimmed": false,
	"spriteSourceSize": {"x":0,"y":0,"w":159,"h":199},
	"sourceSize": {"w":159,"h":199}
},
"small_palm_tree3":
{
	"frame": {"x":1467,"y":3143,"w":165,"h":190},
	"rotated": false,
	"trimmed": false,
	"spriteSourceSize": {"x":0,"y":0,"w":165,"h":190},
	"sourceSize": {"w":165,"h":190}
},
"small_plant1":
{
	"frame": {"x":4002,"y":844,"w":88,"h":114},
	"rotated": false,
	"trimmed": false,
	"spriteSourceSize": {"x":0,"y":0,"w":88,"h":114},
	"sourceSize": {"w":88,"h":114}
},
"stat_background":
{
	"frame": {"x":2183,"y":990,"w":792,"h":425},
	"rotated": false,
	"trimmed": false,
	"spriteSourceSize": {"x":0,"y":0,"w":792,"h":425},
	"sourceSize": {"w":792,"h":425}
},
"stat_bar_line":
{
	"frame": {"x":4083,"y":477,"w":6,"h":120},
	"rotated": false,
	"trimmed": false,
	"spriteSourceSize": {"x":0,"y":0,"w":6,"h":120},
	"sourceSize": {"w":6,"h":120}
},
"stat_empty_bar":
{
	"frame": {"x":1987,"y":2427,"w":445,"h":72},
	"rotated": false,
	"trimmed": false,
	"spriteSourceSize": {"x":0,"y":0,"w":445,"h":72},
	"sourceSize": {"w":445,"h":72}
},
"stat_full_bar_green":
{
	"frame": {"x":1998,"y":2295,"w":433,"h":60},
	"rotated": false,
	"trimmed": false,
	"spriteSourceSize": {"x":0,"y":0,"w":433,"h":60},
	"sourceSize": {"w":433,"h":60}
},
"stat_full_bar_red":
{
	"frame": {"x":1998,"y":2361,"w":433,"h":60},
	"rotated": false,
	"trimmed": false,
	"spriteSourceSize": {"x":0,"y":0,"w":433,"h":60},
	"sourceSize": {"w":433,"h":60}
},
"stat_indicator_empty":
{
	"frame": {"x":1302,"y":171,"w":31,"h":32},
	"rotated": false,
	"trimmed": false,
	"spriteSourceSize": {"x":0,"y":0,"w":31,"h":32},
	"sourceSize": {"w":31,"h":32}
},
"stat_indicator_full":
{
	"frame": {"x":1302,"y":209,"w":31,"h":32},
	"rotated": false,
	"trimmed": false,
	"spriteSourceSize": {"x":0,"y":0,"w":31,"h":32},
	"sourceSize": {"w":31,"h":32}
},
"stunt_bar_empty":
{
	"frame": {"x":1960,"y":3959,"w":207,"h":35},
	"rotated": false,
	"trimmed": false,
	"spriteSourceSize": {"x":0,"y":0,"w":207,"h":35},
	"sourceSize": {"w":207,"h":35}
},
"stunt_bar_full":
{
	"frame": {"x":3091,"y":2688,"w":204,"h":32},
	"rotated": false,
	"trimmed": false,
	"spriteSourceSize": {"x":0,"y":0,"w":204,"h":32},
	"sourceSize": {"w":204,"h":32}
},
"surfboard1":
{
	"frame": {"x":2160,"y":2762,"w":56,"h":175},
	"rotated": false,
	"trimmed": false,
	"spriteSourceSize": {"x":0,"y":0,"w":56,"h":175},
	"sourceSize": {"w":56,"h":175}
},
"surfboard2":
{
	"frame": {"x":2222,"y":2762,"w":56,"h":175},
	"rotated": false,
	"trimmed": false,
	"spriteSourceSize": {"x":0,"y":0,"w":56,"h":175},
	"sourceSize": {"w":56,"h":175}
},
"surfboard3":
{
	"frame": {"x":2284,"y":2762,"w":56,"h":175},
	"rotated": false,
	"trimmed": false,
	"spriteSourceSize": {"x":0,"y":0,"w":56,"h":175},
	"sourceSize": {"w":56,"h":175}
},
"table_with_umbrella":
{
	"frame": {"x":1058,"y":3359,"w":220,"h":205},
	"rotated": false,
	"trimmed": false,
	"spriteSourceSize": {"x":0,"y":0,"w":220,"h":205},
	"sourceSize": {"w":220,"h":205}
},
"text_created_by":
{
	"frame": {"x":598,"y":1483,"w":401,"h":320},
	"rotated": false,
	"trimmed": false,
	"spriteSourceSize": {"x":0,"y":0,"w":401,"h":320},
	"sourceSize": {"w":401,"h":320}
},
"text_thanks_for_playing":
{
	"frame": {"x":3784,"y":5,"w":306,"h":241},
	"rotated": false,
	"trimmed": false,
	"spriteSourceSize": {"x":0,"y":0,"w":306,"h":241},
	"sourceSize": {"w":306,"h":241}
},
"text_you_are_the_best":
{
	"frame": {"x":1332,"y":1035,"w":626,"h":85},
	"rotated": false,
	"trimmed": false,
	"spriteSourceSize": {"x":0,"y":0,"w":626,"h":85},
	"sourceSize": {"w":626,"h":85}
},
"tile":
{
	"frame": {"x":5,"y":3115,"w":512,"h":512},
	"rotated": false,
	"trimmed": false,
	"spriteSourceSize": {"x":0,"y":0,"w":512,"h":512},
	"sourceSize": {"w":512,"h":512}
},
"tile_dark":
{
	"frame": {"x":3137,"y":1878,"w":512,"h":512},
	"rotated": false,
	"trimmed": false,
	"spriteSourceSize": {"x":0,"y":0,"w":512,"h":512},
	"sourceSize": {"w":512,"h":512}
},
"toilet":
{
	"frame": {"x":1280,"y":259,"w":54,"h":64},
	"rotated": false,
	"trimmed": false,
	"spriteSourceSize": {"x":0,"y":0,"w":54,"h":64},
	"sourceSize": {"w":54,"h":64}
},
"toonish_36":
{
	"frame": {"x":5,"y":5,"w":2180,"h":49},
	"rotated": false,
	"trimmed": false,
	"spriteSourceSize": {"x":0,"y":0,"w":2180,"h":49},
	"sourceSize": {"w":2180,"h":49}
},
"totem":
{
	"frame": {"x":1589,"y":3629,"w":110,"h":376},
	"rotated": false,
	"trimmed": false,
	"spriteSourceSize": {"x":0,"y":0,"w":110,"h":376},
	"sourceSize": {"w":110,"h":376}
},
"track_loader_background":
{
	"frame": {"x":5,"y":823,"w":662,"h":34},
	"rotated": false,
	"trimmed": false,
	"spriteSourceSize": {"x":0,"y":0,"w":662,"h":34},
	"sourceSize": {"w":662,"h":34}
},
"track_loader_foreground":
{
	"frame": {"x":5,"y":863,"w":652,"h":26},
	"rotated": false,
	"trimmed": false,
	"spriteSourceSize": {"x":0,"y":0,"w":652,"h":26},
	"sourceSize": {"w":652,"h":26}
},
"track_loader_text":
{
	"frame": {"x":3379,"y":2762,"w":203,"h":37},
	"rotated": false,
	"trimmed": false,
	"spriteSourceSize": {"x":0,"y":0,"w":203,"h":37},
	"sourceSize": {"w":203,"h":37}
},
"treasure_chest_closed":
{
	"frame": {"x":2953,"y":1897,"w":172,"h":147},
	"rotated": false,
	"trimmed": false,
	"spriteSourceSize": {"x":0,"y":0,"w":172,"h":147},
	"sourceSize": {"w":172,"h":147}
},
"treasure_chest_opened":
{
	"frame": {"x":1934,"y":1281,"w":229,"h":182},
	"rotated": false,
	"trimmed": false,
	"spriteSourceSize": {"x":0,"y":0,"w":229,"h":182},
	"sourceSize": {"w":229,"h":182}
},
"treasure_chest_pick":
{
	"frame": {"x":3851,"y":2857,"w":94,"h":76},
	"rotated": false,
	"trimmed": false,
	"spriteSourceSize": {"x":0,"y":0,"w":94,"h":76},
	"sourceSize": {"w":94,"h":76}
},
"tree_coconut":
{
	"frame": {"x":997,"y":796,"w":26,"h":27},
	"rotated": false,
	"trimmed": false,
	"spriteSourceSize": {"x":0,"y":0,"w":26,"h":27},
	"sourceSize": {"w":26,"h":27}
},
"tutorial_controls":
{
	"frame": {"x":1332,"y":1126,"w":596,"h":175},
	"rotated": false,
	"trimmed": false,
	"spriteSourceSize": {"x":0,"y":0,"w":596,"h":175},
	"sourceSize": {"w":596,"h":175}
},
"tw_cen_mt_condensed_extra_bold_dark_29":
{
	"frame": {"x":5,"y":237,"w":1269,"h":30},
	"rotated": false,
	"trimmed": false,
	"spriteSourceSize": {"x":0,"y":0,"w":1269,"h":30},
	"sourceSize": {"w":1269,"h":30}
},
"umbrella":
{
	"frame": {"x":3355,"y":2939,"w":191,"h":105},
	"rotated": false,
	"trimmed": false,
	"spriteSourceSize": {"x":0,"y":0,"w":191,"h":105},
	"sourceSize": {"w":191,"h":105}
},
"very_big_sand_island":
{
	"frame": {"x":1323,"y":1663,"w":532,"h":110},
	"rotated": false,
	"trimmed": false,
	"spriteSourceSize": {"x":0,"y":0,"w":532,"h":110},
	"sourceSize": {"w":532,"h":110}
},
"very_big_sand_island_scale_3":
{
	"frame": {"x":2191,"y":5,"w":1587,"h":321},
	"rotated": false,
	"trimmed": false,
	"spriteSourceSize": {"x":0,"y":0,"w":1587,"h":321},
	"sourceSize": {"w":1587,"h":321}
},
"volcano":
{
	"frame": {"x":1810,"y":2667,"w":344,"h":298},
	"rotated": false,
	"trimmed": false,
	"spriteSourceSize": {"x":0,"y":0,"w":344,"h":298},
	"sourceSize": {"w":344,"h":298}
},
"watermelon":
{
	"frame": {"x":1392,"y":3596,"w":50,"h":28},
	"rotated": false,
	"trimmed": false,
	"spriteSourceSize": {"x":0,"y":0,"w":50,"h":28},
	"sourceSize": {"w":50,"h":28}
},
"wheel":
{
	"frame": {"x":673,"y":829,"w":351,"h":351},
	"rotated": false,
	"trimmed": false,
	"spriteSourceSize": {"x":0,"y":0,"w":351,"h":351},
	"sourceSize": {"w":351,"h":351}
},
"white_bar":
{
	"frame": {"x":3294,"y":332,"w":100,"h":10},
	"rotated": false,
	"trimmed": false,
	"spriteSourceSize": {"x":0,"y":0,"w":100,"h":10},
	"sourceSize": {"w":100,"h":10}
},
"white_circle":
{
	"frame": {"x":3989,"y":2481,"w":97,"h":97},
	"rotated": false,
	"trimmed": false,
	"spriteSourceSize": {"x":0,"y":0,"w":97,"h":97},
	"sourceSize": {"w":97,"h":97}
},
"zole":
{
	"frame": {"x":1625,"y":3596,"w":128,"h":25},
	"rotated": false,
	"trimmed": false,
	"spriteSourceSize": {"x":0,"y":0,"w":128,"h":25},
	"sourceSize": {"w":128,"h":25}
}},
"meta": {
	"app": "http://www.codeandweb.com/texturepacker",
	"version": "1.0",
	"image": "graphics.png",
	"format": "RGBA8888",
	"size": {"w":4096,"h":4096},
	"scale": "1",
	"smartupdate": "$TexturePacker:SmartUpdate:1b28605d032f90f8102d8f28de36d979:1135866960a35e49e86e7d7555aac275:a37384bf37d2ba6e9251927f9499b8b7$"
}
}
