{
"frames": {
  "gameName": {
    "frame": { "x":2, "y":2, "w":716, "h":536 },
    "rotated": false,
    "trimmed": false,
    "spriteSourceSize": { "x": 0, "y": 0, "w":716, "h":536 },
    "sourceSize": { "w":716, "h":536 },
    "pivot": { "x": 0.5, "y": 0.5 }
  },
  "btnCreditsMenu": {
    "frame": { "x":722, "y":2, "w":180, "h":180 },
    "rotated": false,
    "trimmed": false,
    "spriteSourceSize": { "x": 0, "y": 0, "w":180, "h":180 },
    "sourceSize": { "w":180, "h":180 },
    "pivot": { "x": 0.5, "y": 0.5 }
  },
  "btnNumLevel2": {
    "frame": { "x":906, "y":2, "w":120, "h":120 },
    "rotated": false,
    "trimmed": false,
    "spriteSourceSize": { "x": 0, "y": 0, "w":120, "h":120 },
    "sourceSize": { "w":120, "h":120 },
    "pivot": { "x": 0.5, "y": 0.5 }
  },
  "btnMusicOn": {
    "frame": { "x":1030, "y":2, "w":120, "h":120 },
    "rotated": false,
    "trimmed": false,
    "spriteSourceSize": { "x": 0, "y": 0, "w":120, "h":120 },
    "sourceSize": { "w":120, "h":120 },
    "pivot": { "x": 0.5, "y": 0.5 }
  },
  "btnMusicOff": {
    "frame": { "x":1154, "y":2, "w":120, "h":120 },
    "rotated": false,
    "trimmed": false,
    "spriteSourceSize": { "x": 0, "y": 0, "w":120, "h":120 },
    "sourceSize": { "w":120, "h":120 },
    "pivot": { "x": 0.5, "y": 0.5 }
  },
  "btnSoundOn": {
    "frame": { "x":1278, "y":2, "w":120, "h":120 },
    "rotated": false,
    "trimmed": false,
    "spriteSourceSize": { "x": 0, "y": 0, "w":120, "h":120 },
    "sourceSize": { "w":120, "h":120 },
    "pivot": { "x": 0.5, "y": 0.5 }
  },
  "btnSoundOff": {
    "frame": { "x":1402, "y":2, "w":120, "h":120 },
    "rotated": false,
    "trimmed": false,
    "spriteSourceSize": { "x": 0, "y": 0, "w":120, "h":120 },
    "sourceSize": { "w":120, "h":120 },
    "pivot": { "x": 0.5, "y": 0.5 }
  },
  "tutorial1_2": {
    "frame": { "x":906, "y":126, "w":820, "h":80 },
    "rotated": false,
    "trimmed": false,
    "spriteSourceSize": { "x": 0, "y": 0, "w":820, "h":80 },
    "sourceSize": { "w":820, "h":80 },
    "pivot": { "x": 0.5, "y": 0.5 }
  },
  "btnNextComplete": {
    "frame": { "x":722, "y":186, "w":180, "h":180 },
    "rotated": false,
    "trimmed": false,
    "spriteSourceSize": { "x": 0, "y": 0, "w":180, "h":180 },
    "sourceSize": { "w":180, "h":180 },
    "pivot": { "x": 0.5, "y": 0.5 }
  },
  "btnRestartComplete": {
    "frame": { "x":1730, "y":2, "w":180, "h":180 },
    "rotated": false,
    "trimmed": false,
    "spriteSourceSize": { "x": 0, "y": 0, "w":180, "h":180 },
    "sourceSize": { "w":180, "h":180 },
    "pivot": { "x": 0.5, "y": 0.5 }
  },
  "btnMenuComplete": {
    "frame": { "x":1730, "y":186, "w":180, "h":180 },
    "rotated": false,
    "trimmed": false,
    "spriteSourceSize": { "x": 0, "y": 0, "w":180, "h":180 },
    "sourceSize": { "w":180, "h":180 },
    "pivot": { "x": 0.5, "y": 0.5 }
  },
  "btnFire": {
    "frame": { "x":906, "y":210, "w":512, "h":480 },
    "rotated": false,
    "trimmed": false,
    "spriteSourceSize": { "x": 0, "y": 0, "w":512, "h":480 },
    "sourceSize": { "w":512, "h":480 },
    "pivot": { "x": 0.5, "y": 0.5 }
  },
  "tutorial1_1": {
    "frame": { "x":2, "y":694, "w":1104, "h":126 },
    "rotated": false,
    "trimmed": false,
    "spriteSourceSize": { "x": 0, "y": 0, "w":1104, "h":126 },
    "sourceSize": { "w":1104, "h":126 },
    "pivot": { "x": 0.5, "y": 0.5 }
  },
  "aim": {
    "frame": { "x":1526, "y":2, "w":100, "h":100 },
    "rotated": false,
    "trimmed": false,
    "spriteSourceSize": { "x": 0, "y": 0, "w":100, "h":100 },
    "sourceSize": { "w":100, "h":100 },
    "pivot": { "x": 0.5, "y": 0.5 }
  },
  "btnFireBlink": {
    "frame": { "x":722, "y":370, "w":179, "h":179 },
    "rotated": false,
    "trimmed": false,
    "spriteSourceSize": { "x": 0, "y": 0, "w":179, "h":179 },
    "sourceSize": { "w":179, "h":179 },
    "pivot": { "x": 0.5, "y": 0.5 }
  },
  "levelsBoard1": {
    "frame": { "x":2, "y":824, "w":1204, "h":364 },
    "rotated": false,
    "trimmed": false,
    "spriteSourceSize": { "x": 0, "y": 0, "w":1204, "h":364 },
    "sourceSize": { "w":1204, "h":364 },
    "pivot": { "x": 0.5, "y": 0.5 }
  },
  "btnBackLevels": {
    "frame": { "x":2, "y":542, "w":140, "h":140 },
    "rotated": false,
    "trimmed": false,
    "spriteSourceSize": { "x": 0, "y": 0, "w":140, "h":140 },
    "sourceSize": { "w":140, "h":140 },
    "pivot": { "x": 0.5, "y": 0.5 }
  },
  "btnNumLevel1": {
    "frame": { "x":146, "y":542, "w":120, "h":120 },
    "rotated": false,
    "trimmed": false,
    "spriteSourceSize": { "x": 0, "y": 0, "w":120, "h":120 },
    "sourceSize": { "w":120, "h":120 },
    "pivot": { "x": 0.5, "y": 0.5 }
  },
  "btnRestartGame": {
    "frame": { "x":1630, "y":2, "w":43, "h":43 },
    "rotated": false,
    "trimmed": false,
    "spriteSourceSize": { "x": 0, "y": 0, "w":43, "h":43 },
    "sourceSize": { "w":43, "h":43 },
    "pivot": { "x": 0.5, "y": 0.5 }
  },
  "btnMenuGame": {
    "frame": { "x":1677, "y":2, "w":43, "h":43 },
    "rotated": false,
    "trimmed": false,
    "spriteSourceSize": { "x": 0, "y": 0, "w":43, "h":43 },
    "sourceSize": { "w":43, "h":43 },
    "pivot": { "x": 0.5, "y": 0.5 }
  },
  "btnSoundGameOn": {
    "frame": { "x":1630, "y":49, "w":29, "h":47 },
    "rotated": false,
    "trimmed": false,
    "spriteSourceSize": { "x": 0, "y": 0, "w":29, "h":47 },
    "sourceSize": { "w":29, "h":47 },
    "pivot": { "x": 0.5, "y": 0.5 }
  },
  "btnMusicGameOn": {
    "frame": { "x":1663, "y":49, "w":43, "h":45 },
    "rotated": false,
    "trimmed": false,
    "spriteSourceSize": { "x": 0, "y": 0, "w":43, "h":45 },
    "sourceSize": { "w":43, "h":45 },
    "pivot": { "x": 0.5, "y": 0.5 }
  },
  "btnSoundGameOff": {
    "frame": { "x":270, "y":542, "w":33, "h":47 },
    "rotated": false,
    "trimmed": false,
    "spriteSourceSize": { "x": 0, "y": 0, "w":33, "h":47 },
    "sourceSize": { "w":33, "h":47 },
    "pivot": { "x": 0.5, "y": 0.5 }
  },
  "btnMusicGameOff": {
    "frame": { "x":307, "y":542, "w":47, "h":48 },
    "rotated": false,
    "trimmed": false,
    "spriteSourceSize": { "x": 0, "y": 0, "w":47, "h":48 },
    "sourceSize": { "w":47, "h":48 },
    "pivot": { "x": 0.5, "y": 0.5 }
  },
  "icoStarLevelBtn": {
    "frame": { "x":358, "y":542, "w":35, "h":34 },
    "rotated": false,
    "trimmed": false,
    "spriteSourceSize": { "x": 0, "y": 0, "w":35, "h":34 },
    "sourceSize": { "w":35, "h":34 },
    "pivot": { "x": 0.5, "y": 0.5 }
  },
  "toolbarStarPlace": {
    "frame": { "x":397, "y":542, "w":54, "h":53 },
    "rotated": false,
    "trimmed": false,
    "spriteSourceSize": { "x": 0, "y": 0, "w":54, "h":53 },
    "sourceSize": { "w":54, "h":53 },
    "pivot": { "x": 0.5, "y": 0.5 }
  },
  "toolbarStar": {
    "frame": { "x":270, "y":594, "w":53, "h":51 },
    "rotated": false,
    "trimmed": false,
    "spriteSourceSize": { "x": 0, "y": 0, "w":53, "h":51 },
    "sourceSize": { "w":53, "h":51 },
    "pivot": { "x": 0.5, "y": 0.5 }
  },
  "starComplete": {
    "frame": { "x":1422, "y":210, "w":169, "h":163 },
    "rotated": false,
    "trimmed": false,
    "spriteSourceSize": { "x": 0, "y": 0, "w":169, "h":163 },
    "sourceSize": { "w":169, "h":163 },
    "pivot": { "x": 0.5, "y": 0.5 }
  },
  "btnPlayMenu": {
    "frame": { "x":1595, "y":370, "w":240, "h":240 },
    "rotated": false,
    "trimmed": false,
    "spriteSourceSize": { "x": 0, "y": 0, "w":240, "h":240 },
    "sourceSize": { "w":240, "h":240 },
    "pivot": { "x": 0.5, "y": 0.5 }
  },
  "levelsBoard2": {
    "frame": { "x":2, "y":1192, "w":1204, "h":364 },
    "rotated": false,
    "trimmed": false,
    "spriteSourceSize": { "x": 0, "y": 0, "w":1204, "h":364 },
    "sourceSize": { "w":1204, "h":364 },
    "pivot": { "x": 0.5, "y": 0.5 }
  },
  "levelCompleted": {
    "frame": { "x":1210, "y":694, "w":720, "h":500 },
    "rotated": false,
    "trimmed": false,
    "spriteSourceSize": { "x": 0, "y": 0, "w":720, "h":500 },
    "sourceSize": { "w":720, "h":500 },
    "pivot": { "x": 0.5, "y": 0.5 }
  },
  "creditsBoard": {
    "frame": { "x":1210, "y":1198, "w":653, "h":278 },
    "rotated": false,
    "trimmed": false,
    "spriteSourceSize": { "x": 0, "y": 0, "w":653, "h":278 },
    "sourceSize": { "w":653, "h":278 },
    "pivot": { "x": 0.5, "y": 0.5 }
  },
  "btnBackCredits": {
    "frame": { "x":455, "y":542, "w":140, "h":140 },
    "rotated": false,
    "trimmed": false,
    "spriteSourceSize": { "x": 0, "y": 0, "w":140, "h":140 },
    "sourceSize": { "w":140, "h":140 },
    "pivot": { "x": 0.5, "y": 0.5 }
  },
  "levelNumbers_0001": {
    "frame": { "x":358, "y":580, "w":27, "h":58 },
    "rotated": false,
    "trimmed": false,
    "spriteSourceSize": { "x": 0, "y": 0, "w":27, "h":58 },
    "sourceSize": { "w":27, "h":58 },
    "pivot": { "x": 0.5, "y": 0.5 }
  },
  "levelNumbers_0002": {
    "frame": { "x":389, "y":599, "w":35, "h":59 },
    "rotated": false,
    "trimmed": false,
    "spriteSourceSize": { "x": 0, "y": 0, "w":35, "h":59 },
    "sourceSize": { "w":35, "h":59 },
    "pivot": { "x": 0.5, "y": 0.5 }
  },
  "levelNumbers_0003": {
    "frame": { "x":1110, "y":694, "w":36, "h":60 },
    "rotated": false,
    "trimmed": false,
    "spriteSourceSize": { "x": 0, "y": 0, "w":36, "h":60 },
    "sourceSize": { "w":36, "h":60 },
    "pivot": { "x": 0.5, "y": 0.5 }
  },
  "levelNumbers_0004": {
    "frame": { "x":1110, "y":758, "w":38, "h":58 },
    "rotated": false,
    "trimmed": false,
    "spriteSourceSize": { "x": 0, "y": 0, "w":38, "h":58 },
    "sourceSize": { "w":38, "h":58 },
    "pivot": { "x": 0.5, "y": 0.5 }
  },
  "levelNumbers_0005": {
    "frame": { "x":1150, "y":694, "w":37, "h":59 },
    "rotated": false,
    "trimmed": false,
    "spriteSourceSize": { "x": 0, "y": 0, "w":37, "h":59 },
    "sourceSize": { "w":37, "h":59 },
    "pivot": { "x": 0.5, "y": 0.5 }
  },
  "levelNumbers_0006": {
    "frame": { "x":1152, "y":757, "w":37, "h":60 },
    "rotated": false,
    "trimmed": false,
    "spriteSourceSize": { "x": 0, "y": 0, "w":37, "h":60 },
    "sourceSize": { "w":37, "h":60 },
    "pivot": { "x": 0.5, "y": 0.5 }
  },
  "levelNumbers_0007": {
    "frame": { "x":599, "y":542, "w":30, "h":58 },
    "rotated": false,
    "trimmed": false,
    "spriteSourceSize": { "x": 0, "y": 0, "w":30, "h":58 },
    "sourceSize": { "w":30, "h":58 },
    "pivot": { "x": 0.5, "y": 0.5 }
  },
  "levelNumbers_0008": {
    "frame": { "x":633, "y":542, "w":36, "h":60 },
    "rotated": false,
    "trimmed": false,
    "spriteSourceSize": { "x": 0, "y": 0, "w":36, "h":60 },
    "sourceSize": { "w":36, "h":60 },
    "pivot": { "x": 0.5, "y": 0.5 }
  },
  "levelNumbers_0009": {
    "frame": { "x":673, "y":542, "w":37, "h":60 },
    "rotated": false,
    "trimmed": false,
    "spriteSourceSize": { "x": 0, "y": 0, "w":37, "h":60 },
    "sourceSize": { "w":37, "h":60 },
    "pivot": { "x": 0.5, "y": 0.5 }
  },
  "levelNumbers_0010": {
    "frame": { "x":1595, "y":210, "w":68, "h":60 },
    "rotated": false,
    "trimmed": false,
    "spriteSourceSize": { "x": 0, "y": 0, "w":68, "h":60 },
    "sourceSize": { "w":68, "h":60 },
    "pivot": { "x": 0.5, "y": 0.5 }
  },
  "levelNumbers_0011": {
    "frame": { "x":1667, "y":210, "w":57, "h":58 },
    "rotated": false,
    "trimmed": false,
    "spriteSourceSize": { "x": 0, "y": 0, "w":57, "h":58 },
    "sourceSize": { "w":57, "h":58 },
    "pivot": { "x": 0.5, "y": 0.5 }
  },
  "levelNumbers_0012": {
    "frame": { "x":1595, "y":274, "w":66, "h":59 },
    "rotated": false,
    "trimmed": false,
    "spriteSourceSize": { "x": 0, "y": 0, "w":66, "h":59 },
    "sourceSize": { "w":66, "h":59 },
    "pivot": { "x": 0.5, "y": 0.5 }
  },
  "levelNumbers_0013": {
    "frame": { "x":599, "y":606, "w":68, "h":60 },
    "rotated": false,
    "trimmed": false,
    "spriteSourceSize": { "x": 0, "y": 0, "w":68, "h":60 },
    "sourceSize": { "w":68, "h":60 },
    "pivot": { "x": 0.5, "y": 0.5 }
  },
  "levelNumbers_0014": {
    "frame": { "x":671, "y":606, "w":68, "h":58 },
    "rotated": false,
    "trimmed": false,
    "spriteSourceSize": { "x": 0, "y": 0, "w":68, "h":58 },
    "sourceSize": { "w":68, "h":58 },
    "pivot": { "x": 0.5, "y": 0.5 }
  },
  "levelNumbers_0015": {
    "frame": { "x":743, "y":553, "w":68, "h":59 },
    "rotated": false,
    "trimmed": false,
    "spriteSourceSize": { "x": 0, "y": 0, "w":68, "h":59 },
    "sourceSize": { "w":68, "h":59 },
    "pivot": { "x": 0.5, "y": 0.5 }
  },
  "levelNumbers_0016": {
    "frame": { "x":743, "y":616, "w":69, "h":60 },
    "rotated": false,
    "trimmed": false,
    "spriteSourceSize": { "x": 0, "y": 0, "w":69, "h":60 },
    "sourceSize": { "w":69, "h":60 },
    "pivot": { "x": 0.5, "y": 0.5 }
  },
  "levelNumbers_0017": {
    "frame": { "x":815, "y":553, "w":60, "h":58 },
    "rotated": false,
    "trimmed": false,
    "spriteSourceSize": { "x": 0, "y": 0, "w":60, "h":58 },
    "sourceSize": { "w":60, "h":58 },
    "pivot": { "x": 0.5, "y": 0.5 }
  },
  "levelNumbers_0018": {
    "frame": { "x":816, "y":615, "w":68, "h":60 },
    "rotated": false,
    "trimmed": false,
    "spriteSourceSize": { "x": 0, "y": 0, "w":68, "h":60 },
    "sourceSize": { "w":68, "h":60 },
    "pivot": { "x": 0.5, "y": 0.5 }
  },
  "levelNumbers_0019": {
    "frame": { "x":1422, "y":614, "w":69, "h":60 },
    "rotated": false,
    "trimmed": false,
    "spriteSourceSize": { "x": 0, "y": 0, "w":69, "h":60 },
    "sourceSize": { "w":69, "h":60 },
    "pivot": { "x": 0.5, "y": 0.5 }
  },
  "levelNumbers_0020": {
    "frame": { "x":1495, "y":377, "w":75, "h":60 },
    "rotated": false,
    "trimmed": false,
    "spriteSourceSize": { "x": 0, "y": 0, "w":75, "h":60 },
    "sourceSize": { "w":75, "h":60 },
    "pivot": { "x": 0.5, "y": 0.5 }
  },
  "levelNumbers_0021": {
    "frame": { "x":1422, "y":377, "w":64, "h":59 },
    "rotated": false,
    "trimmed": false,
    "spriteSourceSize": { "x": 0, "y": 0, "w":64, "h":59 },
    "sourceSize": { "w":64, "h":59 },
    "pivot": { "x": 0.5, "y": 0.5 }
  },
  "levelNumbers_0022": {
    "frame": { "x":1495, "y":441, "w":73, "h":59 },
    "rotated": false,
    "trimmed": false,
    "spriteSourceSize": { "x": 0, "y": 0, "w":73, "h":59 },
    "sourceSize": { "w":73, "h":59 },
    "pivot": { "x": 0.5, "y": 0.5 }
  },
  "levelNumbers_0023": {
    "frame": { "x":1495, "y":504, "w":74, "h":60 },
    "rotated": false,
    "trimmed": false,
    "spriteSourceSize": { "x": 0, "y": 0, "w":74, "h":60 },
    "sourceSize": { "w":74, "h":60 },
    "pivot": { "x": 0.5, "y": 0.5 }
  },
  "levelNumbers_0024": {
    "frame": { "x":1495, "y":568, "w":73, "h":59 },
    "rotated": false,
    "trimmed": false,
    "spriteSourceSize": { "x": 0, "y": 0, "w":73, "h":59 },
    "sourceSize": { "w":73, "h":59 },
    "pivot": { "x": 0.5, "y": 0.5 }
  },
  "levelNumbers_0025": {
    "frame": { "x":1572, "y":614, "w":75, "h":60 },
    "rotated": false,
    "trimmed": false,
    "spriteSourceSize": { "x": 0, "y": 0, "w":75, "h":60 },
    "sourceSize": { "w":75, "h":60 },
    "pivot": { "x": 0.5, "y": 0.5 }
  },
  "levelNumbers_0026": {
    "frame": { "x":1651, "y":614, "w":75, "h":60 },
    "rotated": false,
    "trimmed": false,
    "spriteSourceSize": { "x": 0, "y": 0, "w":75, "h":60 },
    "sourceSize": { "w":75, "h":60 },
    "pivot": { "x": 0.5, "y": 0.5 }
  },
  "levelNumbers_0027": {
    "frame": { "x":1495, "y":631, "w":67, "h":59 },
    "rotated": false,
    "trimmed": false,
    "spriteSourceSize": { "x": 0, "y": 0, "w":67, "h":59 },
    "sourceSize": { "w":67, "h":59 },
    "pivot": { "x": 0.5, "y": 0.5 }
  },
  "levelNumbers_0028": {
    "frame": { "x":1730, "y":614, "w":75, "h":60 },
    "rotated": false,
    "trimmed": false,
    "spriteSourceSize": { "x": 0, "y": 0, "w":75, "h":60 },
    "sourceSize": { "w":75, "h":60 },
    "pivot": { "x": 0.5, "y": 0.5 }
  },
  "levelNumbers_0029": {
    "frame": { "x":1809, "y":614, "w":75, "h":60 },
    "rotated": false,
    "trimmed": false,
    "spriteSourceSize": { "x": 0, "y": 0, "w":75, "h":60 },
    "sourceSize": { "w":75, "h":60 },
    "pivot": { "x": 0.5, "y": 0.5 }
  },
  "levelNumbers_0030": {
    "frame": { "x":1839, "y":370, "w":77, "h":60 },
    "rotated": false,
    "trimmed": false,
    "spriteSourceSize": { "x": 0, "y": 0, "w":77, "h":60 },
    "sourceSize": { "w":77, "h":60 },
    "pivot": { "x": 0.5, "y": 0.5 }
  },
  "btnMoreGames": {
    "frame": { "x":1210, "y":1480, "w":180, "h":180 },
    "rotated": false,
    "trimmed": false,
    "spriteSourceSize": { "x": 0, "y": 0, "w":180, "h":180 },
    "sourceSize": { "w":180, "h":180 },
    "pivot": { "x": 0.5, "y": 0.5 }
  },
  "btnFB": {
    "frame": { "x":1394, "y":1480, "w":180, "h":180 },
    "rotated": false,
    "trimmed": false,
    "spriteSourceSize": { "x": 0, "y": 0, "w":180, "h":180 },
    "sourceSize": { "w":180, "h":180 },
    "pivot": { "x": 0.5, "y": 0.5 }
  },
  "btnFBGame": {
    "frame": { "x":327, "y":594, "w":27, "h":47 },
    "rotated": false,
    "trimmed": false,
    "spriteSourceSize": { "x": 0, "y": 0, "w":27, "h":47 },
    "sourceSize": { "w":27, "h":47 },
    "pivot": { "x": 0.5, "y": 0.5 }
  },
  "btnMoreGamesGame": {
    "frame": { "x":1422, "y":440, "w":69, "h":47 },
    "rotated": false,
    "trimmed": false,
    "spriteSourceSize": { "x": 0, "y": 0, "w":69, "h":47 },
    "sourceSize": { "w":69, "h":47 },
    "pivot": { "x": 0.5, "y": 0.5 }
  }
},

"meta": {
    "app": "NepixGamesAtlasTool",
    "version": "1.0",
    "image": "atlasUI.png",
    "format": "RGBA8888",
    "size": { "w": 2048, "h": 2048},
    "scale": "1"
  }

}