{"frames": {

"xmas/earthsanta":
{
	"frame": {"x":199,"y":205,"w":178,"h":188},
	"rotated": false,
	"trimmed": false,
	"spriteSourceSize": {"x":0,"y":0,"w":178,"h":188},
	"sourceSize": {"w":178,"h":188}
},
"xmas/earthsanta_happy":
{
	"frame": {"x":3,"y":303,"w":178,"h":188},
	"rotated": false,
	"trimmed": false,
	"spriteSourceSize": {"x":0,"y":0,"w":178,"h":188},
	"sourceSize": {"w":178,"h":188}
},
"xmas/kitten_hat":
{
	"frame": {"x":199,"y":101,"w":38,"h":42},
	"rotated": false,
	"trimmed": false,
	"spriteSourceSize": {"x":0,"y":0,"w":38,"h":42},
	"sourceSize": {"w":38,"h":42}
},
"xmas/partysanta":
{
	"frame": {"x":3,"y":495,"w":168,"h":208},
	"rotated": false,
	"trimmed": true,
	"spriteSourceSize": {"x":0,"y":0,"w":168,"h":208},
	"sourceSize": {"w":167,"h":207}
},
"xmas/partysanta_happy":
{
	"frame": {"x":175,"y":495,"w":168,"h":208},
	"rotated": false,
	"trimmed": true,
	"spriteSourceSize": {"x":0,"y":0,"w":168,"h":208},
	"sourceSize": {"w":167,"h":207}
},
"xmas/snow_button":
{
	"frame": {"x":381,"y":205,"w":112,"h":102},
	"rotated": false,
	"trimmed": true,
	"spriteSourceSize": {"x":2,"y":0,"w":112,"h":102},
	"sourceSize": {"w":113,"h":102}
},
"xmas/snow_earthcap":
{
	"frame": {"x":347,"y":499,"w":158,"h":114},
	"rotated": false,
	"trimmed": true,
	"spriteSourceSize": {"x":0,"y":0,"w":158,"h":114},
	"sourceSize": {"w":157,"h":113}
},
"xmas/snow_rocks":
{
	"frame": {"x":3,"y":3,"w":304,"h":94},
	"rotated": false,
	"trimmed": true,
	"spriteSourceSize": {"x":0,"y":0,"w":304,"h":94},
	"sourceSize": {"w":304,"h":93}
},
"xmas/snow_titanrock":
{
	"frame": {"x":347,"y":397,"w":160,"h":98},
	"rotated": false,
	"trimmed": true,
	"spriteSourceSize": {"x":0,"y":0,"w":160,"h":98},
	"sourceSize": {"w":159,"h":97}
},
"xmas/spacesanta":
{
	"frame": {"x":311,"y":3,"w":192,"h":198},
	"rotated": false,
	"trimmed": true,
	"spriteSourceSize": {"x":0,"y":0,"w":192,"h":198},
	"sourceSize": {"w":191,"h":197}
},
"xmas/spacesanta_happy":
{
	"frame": {"x":3,"y":101,"w":192,"h":198},
	"rotated": false,
	"trimmed": true,
	"spriteSourceSize": {"x":0,"y":0,"w":192,"h":198},
	"sourceSize": {"w":191,"h":197}
}},
"meta": {
	"app": "https://www.codeandweb.com/texturepacker",
	"version": "1.0",
	"image": "xmas.png",
	"format": "RGBA5555",
	"size": {"w":510,"h":706},
	"scale": "1",
	"smartupdate": "$TexturePacker:SmartUpdate:554c4ff29bcf27a06ae29ea70c9ab6df:2155bde2f68df8628f4644688ffc3224:aac9ca4c44e6f7ad982cca9aab77b096$"
}
}
